tenure_months,monthly_charges,support_calls,age,num_services,satisfaction,churned
7,51.45,2,65,2,10,0
56,93.11,1,43,2,7,0
48,70.87,3,67,6,10,0
32,62.93,5,45,2,10,0
32,67.35,1,79,3,2,1
62,75.58,4,34,2,10,0
7,85.42,1,62,3,9,0
51,45.01,2,51,4,5,0
15,43.96,2,77,2,7,0
7,97.62,2,31,3,7,1
38,59.69,2,30,3,8,0
71,34.58,6,72,1,9,0
53,81.1,2,74,5,2,0
55,81.58,0,65,6,1,0
52,31.73,3,47,3,3,0
57,75.74,1,43,2,6,0
37,88.39,7,59,4,9,1
10,79.36,0,65,4,7,0
61,85.8,1,35,4,2,0
33,34.89,2,18,4,8,0
37,78.28,4,22,5,5,1
27,62.43,1,39,1,4,1
14,57.93,2,60,1,8,0
67,91.76,3,45,1,3,1
57,106.98,1,56,1,7,0
47,114.86,1,47,6,2,1
29,102.87,1,33,5,4,1
60,67.26,2,65,4,6,0
40,78.82,1,63,5,7,0
32,89.17,0,78,1,10,0
33,73.03,4,70,2,3,1
17,73.27,0,41,5,9,0
7,90.59,3,62,3,9,1
40,68.52,2,40,4,4,0
64,51.77,2,72,5,2,0
5,59.64,5,56,1,3,1
62,85.85,0,70,5,7,0
60,70.07,2,35,5,8,0
20,78.51,1,18,3,7,0
46,86.75,0,26,3,8,0
12,60.63,0,51,1,2,1
55,88.91,4,78,2,6,1
51,79.47,3,57,2,9,0
26,39.13,1,69,6,4,0
5,106.06,6,47,1,9,1
70,57.48,2,78,2,2,0
33,28.62,2,77,1,10,0
65,43.87,1,31,2,8,0
49,44.47,0,72,1,7,0
57,71.3,0,19,2,7,0
55,63.15,2,55,5,10,0
15,61.58,1,45,5,4,1
27,85.49,0,36,3,2,1
34,78.5,3,76,5,10,0
36,77.9,1,59,4,2,1
4,80.25,2,26,6,7,1
40,85.4,5,26,5,3,1
12,17.3,0,25,2,10,0
54,60.89,0,37,4,10,0
50,15.49,0,22,5,5,0
67,70.9,3,34,2,6,0
54,69.88,1,66,4,5,0
27,96.14,1,73,3,5,1
70,99.69,1,67,2,10,0
30,75.07,3,49,2,3,1
24,57.49,1,61,1,10,0
66,82.13,1,77,5,7,0
27,56.8,3,21,5,10,0
6,69.97,1,74,4,7,1
34,94.65,1,63,2,9,0
58,56.06,2,42,1,5,0
14,90.14,4,46,4,5,1
34,86.94,0,45,2,3,1
10,46.13,4,27,4,3,1
50,94.35,3,32,6,1,1
35,87.46,0,36,1,4,0
24,72.55,1,18,4,10,0
17,50.94,2,49,6,10,0
41,48.52,0,48,3,7,0
49,56.56,1,38,5,4,0
68,83.56,2,29,5,6,0
32,46.11,3,79,3,8,1
12,80.94,6,60,2,1,1
60,38.96,2,47,5,10,0
46,64.9,1,63,4,9,0
51,72.74,1,41,3,10,0
8,131.13,1,31,2,1,1
23,35.57,2,60,5,10,0
56,106.8,2,66,2,7,0
60,73.75,3,58,1,6,0
32,80.28,3,53,1,2,1
58,72.96,2,18,3,5,0
61,81.12,2,58,1,4,0
28,66.16,0,56,3,10,0
65,106.35,0,43,2,4,0
21,58.59,1,33,3,3,1
18,98.31,4,79,5,10,1
50,53.89,0,41,3,2,0
46,68.49,1,35,4,10,0
11,43.2,0,62,1,10,0
60,81.38,1,48,1,4,0
15,106.13,4,53,6,7,1
58,68.07,3,58,4,8,0
1,65.08,2,41,1,6,1
58,42.13,1,27,4,7,0
57,64.27,3,28,1,2,1
57,30.18,3,77,1,6,0
48,47.18,0,49,3,6,0
34,75.67,4,44,4,6,0
51,102.98,1,38,4,10,0
20,140.23,0,63,5,9,0
57,55.34,0,75,2,7,0
41,105.88,2,66,2,5,1
34,76.09,3,51,4,5,1
37,66.22,1,47,6,1,1
41,80.81,2,72,5,6,0
3,71.55,3,71,5,3,1
11,72.76,2,42,1,9,0
18,59.79,2,78,6,8,0
9,35.05,1,70,6,10,0
32,31.41,3,71,4,10,0
49,86.33,3,21,3,5,0
48,63.08,4,26,4,5,1
34,55.1,1,36,4,7,0
62,70.21,1,65,6,5,0
41,89.87,2,22,1,3,1
6,74.51,0,23,4,8,0
56,53.6,2,19,5,5,0
42,100.66,6,30,3,10,1
46,109.48,1,75,6,3,0
41,82.36,1,63,1,5,0
40,94.34,1,63,1,6,1
7,101.05,1,36,5,10,0
41,98.25,2,57,1,6,1
58,85.35,4,67,3,1,1
22,84.96,1,51,2,4,1
44,82.99,0,71,5,9,0
3,42.57,6,53,1,3,1
26,87.52,0,38,3,4,0
32,36.1,2,58,6,2,0
71,50.14,0,77,3,8,0
16,102.59,2,70,4,2,1
20,91.01,0,49,6,4,1
30,107.18,2,55,4,8,1
72,63.21,4,79,5,9,0
62,41.19,1,65,6,3,0
3,63.99,0,49,4,4,1
17,72.55,4,35,5,2,1
60,71.97,3,75,4,5,0
5,98.34,3,79,5,10,1
62,60.97,1,22,4,4,0
21,78.8,3,20,3,3,1
67,45.28,2,25,4,4,0
22,81.26,5,42,3,9,1
32,70.08,5,28,3,6,1
48,51.25,1,73,2,7,0
10,64.1,1,75,3,8,0
41,65.4,2,29,3,8,0
37,63.25,5,70,4,6,1
57,114.28,1,26,3,6,0
72,67.54,3,67,3,6,0
48,63.9,4,41,1,2,1
30,17.56,5,20,3,5,1
30,47.64,4,44,3,9,0
31,63.42,2,69,6,1,1
59,52.85,0,76,3,9,0
24,104.54,1,25,1,6,1
13,65.88,1,70,2,4,1
25,102.21,0,36,5,2,1
2,71.54,1,47,1,8,1
8,70.93,2,24,1,1,1
7,67.78,1,79,3,6,0
56,70.09,3,67,3,2,1
53,112.97,1,58,3,10,0
51,15.0,3,63,1,2,1
34,19.96,4,73,5,9,0
52,56.42,2,27,2,6,0
12,70.36,4,33,5,1,1
65,87.25,3,20,4,8,0
37,81.83,3,48,2,9,0
68,60.39,1,49,3,3,0
11,95.48,2,19,1,10,1
36,95.75,2,59,5,8,0
51,74.6,1,18,2,8,0
36,94.07,5,67,3,4,1
33,76.82,3,62,1,2,1
12,55.96,3,69,3,5,1
28,87.45,0,25,3,9,0
18,72.77,5,72,2,6,1
22,70.03,0,52,6,7,0
50,106.82,1,72,2,8,0
46,15.0,1,61,2,4,0
44,34.56,1,59,4,1,0
27,40.32,1,20,2,9,0
70,60.92,2,61,3,7,0
7,63.63,4,46,5,6,1
25,32.32,3,71,1,6,1
9,45.37,4,61,4,9,0
25,48.48,2,22,1,8,0
70,131.44,0,74,1,7,0
27,115.04,4,21,1,8,1
66,59.71,3,36,1,3,1
36,60.91,1,31,3,8,0
51,41.27,2,79,6,10,0
33,22.3,2,27,6,3,0
20,67.08,2,71,1,6,1
56,45.05,1,31,6,7,0
70,67.88,1,58,4,6,0
19,29.99,0,23,4,10,0
57,50.95,1,42,5,5,0
19,73.72,1,57,3,3,1
52,79.16,3,62,2,2,1
57,80.44,1,72,4,9,0
33,36.99,1,69,5,7,0
54,91.37,2,50,5,6,0
20,49.99,2,37,2,5,0
6,85.82,3,34,6,5,1
7,69.73,1,80,2,10,0
33,35.59,1,56,5,7,0
65,62.1,2,75,2,10,0
10,79.13,0,45,1,9,0
33,85.32,3,48,6,8,0
51,66.48,0,70,4,6,0
15,108.29,1,63,2,3,1
52,95.19,3,30,1,7,0
23,63.58,0,51,1,8,0
59,88.75,0,31,2,6,0
42,118.34,2,65,6,1,1
40,119.01,2,19,2,10,0
13,39.3,1,70,1,9,0
34,46.84,6,76,6,4,1
62,107.12,6,19,6,5,1
2,43.54,4,57,2,2,1
55,36.94,3,22,4,10,0
36,57.85,4,40,4,3,1
52,80.51,4,39,4,4,1
48,67.44,1,50,2,5,1
32,53.74,2,75,5,3,1
23,53.14,3,47,6,7,1
46,52.19,1,43,5,10,0
11,48.01,3,23,6,9,0
43,127.04,1,73,1,6,0
7,77.44,2,37,4,2,1
47,92.17,2,47,6,9,0
46,57.77,1,23,4,3,0
7,65.35,3,36,6,10,0
55,52.16,6,52,3,4,1
30,15.0,1,74,6,6,0
57,35.55,2,38,6,5,0
3,24.73,3,53,4,5,1
13,15.0,2,73,5,2,1
36,40.12,2,40,4,6,0
14,103.12,1,36,2,5,1
24,68.89,1,20,4,9,0
48,102.26,4,75,6,5,1
11,80.27,0,24,1,10,0
49,89.56,1,31,2,3,1
8,47.48,1,26,3,4,1
13,83.1,1,62,3,1,1
43,88.22,4,40,4,8,0
58,55.58,1,62,3,1,0
13,83.99,2,56,4,3,1
22,84.15,3,18,1,10,1
67,56.26,2,37,2,7,0
72,41.93,2,18,5,6,0
42,40.4,3,22,3,9,0
33,72.16,2,47,5,8,1
25,78.18,1,34,4,9,0
45,50.19,1,23,2,7,0
43,70.66,3,43,3,5,1
22,84.26,5,46,6,2,1
2,85.45,1,80,6,4,1
11,108.8,1,59,1,8,1
70,101.92,2,42,5,3,0
31,44.97,2,47,3,7,0
35,112.09,1,23,1,2,1
34,56.73,1,42,4,1,0
57,96.12,3,54,1,4,1
5,71.7,2,19,2,3,1
6,59.7,2,75,5,9,0
20,24.81,0,50,5,4,0
36,65.71,0,67,3,5,0
49,31.02,2,35,5,5,0
36,94.18,1,70,6,4,1
32,107.92,4,41,3,10,1
68,50.08,1,76,2,8,0
12,77.55,4,50,4,2,1
42,51.87,4,58,1,3,1
40,54.29,1,30,6,1,0
35,89.36,0,80,3,3,1
59,69.04,1,30,5,7,0
20,113.49,3,20,5,10,1
69,57.94,5,45,3,5,0
24,94.98,3,70,6,1,1
40,72.44,2,76,5,1,1
38,89.89,2,71,6,5,0
62,58.82,3,52,1,3,0
32,68.76,3,75,3,6,1
21,67.11,4,48,6,2,1
2,49.1,1,48,5,3,0
27,86.55,2,29,3,6,1
60,86.26,0,67,1,3,0
1,84.84,0,37,2,4,1
65,108.42,1,30,4,3,1
40,106.23,1,41,4,1,1
11,60.63,2,55,6,4,1
22,79.33,2,35,1,4,1
40,54.41,3,40,3,9,0
23,70.58,3,38,2,9,0
8,55.01,1,55,6,5,0
48,110.5,0,62,1,3,1
49,79.09,2,60,2,5,0
9,64.55,0,26,2,7,0
21,99.84,1,39,1,4,1
18,15.73,1,58,4,8,0
48,19.65,2,31,4,10,0
53,89.9,1,22,4,5,0
53,71.51,1,38,6,2,0
68,76.26,1,60,3,2,0
56,36.84,1,59,2,9,0
24,69.42,2,26,3,5,1
8,120.09,1,60,5,4,1
45,90.6,1,30,4,7,1
66,74.24,4,64,2,10,0
71,59.02,1,53,5,5,0
17,60.14,0,25,5,4,0
18,16.77,0,40,2,9,0
3,76.44,2,69,4,1,1
11,91.14,3,45,4,9,1
40,30.61,1,61,2,6,0
40,53.46,1,65,1,1,1
27,41.06,1,19,5,3,0
23,45.87,1,76,4,7,0
60,71.34,1,39,5,8,0
34,17.89,2,67,3,2,0
59,85.36,1,47,4,7,0
70,88.85,2,54,6,10,0
23,63.72,5,40,2,7,1
15,15.0,3,71,4,8,0
69,45.09,2,25,1,2,0
46,100.82,1,74,1,7,0
21,15.0,3,31,6,8,0
45,61.31,1,73,1,2,0
38,40.5,2,19,4,4,0
66,90.11,1,18,4,9,0
19,53.12,4,23,5,10,1
72,80.1,3,52,4,2,0
68,84.14,5,34,5,8,0
14,115.91,1,55,6,6,1
12,64.93,4,69,5,6,1
39,79.4,2,19,5,6,0
4,32.87,1,51,1,9,0
22,99.76,3,64,2,5,1
32,50.99,2,44,3,6,0
70,55.98,2,76,4,7,0
72,69.44,3,59,5,6,0
11,30.93,1,20,5,9,0
65,75.72,2,52,1,3,0
7,94.19,1,42,2,10,0
54,77.32,4,26,1,7,1
61,30.28,2,77,4,10,0
65,66.9,1,32,4,4,0
17,88.55,4,23,1,5,1
65,23.05,4,32,6,1,0
9,43.13,3,69,2,10,0
38,91.91,5,55,4,9,1
34,76.75,4,69,5,3,1
23,80.3,3,47,1,1,1
2,116.49,0,25,6,7,1
56,81.71,4,42,6,7,0
25,86.45,1,30,6,6,0
48,137.77,2,53,1,2,1
30,64.65,0,34,3,10,0
27,50.05,2,79,2,5,1
64,80.69,1,41,3,8,0
7,80.97,2,37,6,9,0
54,56.83,0,80,5,6,0
54,44.19,1,50,5,1,0
28,127.75,1,28,3,9,0
19,78.17,2,48,6,7,0
1,51.69,2,34,6,9,0
68,92.9,0,63,5,7,0
69,67.27,2,54,5,10,0
18,63.68,5,64,4,9,0
3,84.06,5,77,1,3,1
9,37.7,4,63,2,2,1
5,78.82,0,39,5,2,1
60,117.82,0,30,2,8,0
65,81.65,1,51,2,3,0
12,60.59,3,46,6,5,1
54,57.32,1,37,3,8,0
13,59.74,2,69,6,5,1
27,63.65,2,75,2,1,1
44,60.55,3,42,3,4,0
52,92.91,0,60,3,1,1
63,26.67,1,80,3,4,0
4,91.55,2,18,3,8,1
15,60.51,0,40,2,6,0
21,79.42,1,64,5,7,0
23,41.83,1,49,2,2,1
72,103.22,2,67,3,8,0
56,101.14,0,47,6,5,0
24,93.99,1,22,3,3,1
70,32.13,2,45,1,7,0
36,90.73,1,43,1,2,1
37,80.12,2,71,3,5,1
32,29.87,2,27,4,5,0
11,69.39,1,27,6,2,1
68,79.11,5,26,1,10,0
2,83.9,2,53,4,4,1
13,74.43,1,80,2,1,1
17,77.28,2,56,3,5,1
21,106.84,1,69,3,10,0
10,100.65,2,71,2,7,1
2,15.0,0,55,1,7,0
49,62.06,2,56,1,10,0
70,65.88,4,33,4,1,1
9,26.2,4,78,2,6,1
22,72.35,4,67,2,4,1
37,101.22,0,72,1,7,0
67,42.84,2,79,1,9,0
50,78.41,1,39,1,1,1
56,47.1,2,27,3,2,0
42,53.2,2,72,1,10,0
31,106.93,2,47,2,5,1
15,56.44,0,78,2,4,0
63,81.56,0,61,2,2,1
58,23.22,0,34,1,4,0
2,116.56,3,40,1,1,1
52,85.07,3,56,6,3,1
7,65.44,3,42,5,2,1
54,84.39,0,35,1,1,0
60,34.75,3,31,2,10,0
10,99.56,2,58,3,8,1
32,61.9,1,20,6,10,0
9,64.9,5,23,6,3,1
41,57.71,2,20,5,3,0
67,55.48,1,64,1,3,0
6,87.37,0,19,3,6,1
29,76.4,3,44,3,2,1
71,86.29,1,25,4,3,0
22,69.78,2,55,6,10,0
10,82.83,0,20,2,4,1
36,59.53,0,19,4,8,0
37,125.74,2,43,2,3,1
48,30.8,0,61,2,10,0
23,101.52,1,24,2,7,1
69,104.2,6,49,5,9,0
38,48.7,0,69,3,6,0
21,125.73,1,57,5,10,0
70,94.89,4,65,5,4,1
67,94.28,2,37,3,5,0
36,70.7,3,77,6,1,1
2,64.57,2,27,1,2,1
43,64.76,1,56,6,8,0
40,79.76,0,45,1,4,0
11,105.03,1,20,3,2,1
46,74.53,1,77,5,3,0
61,47.21,2,62,5,4,0
8,90.61,0,32,2,8,1
53,93.03,2,21,6,1,1
11,86.37,3,60,1,1,1
54,88.64,1,52,5,8,0
31,63.23,1,21,4,2,0
1,46.78,3,80,2,5,1
70,48.3,1,63,6,7,0
12,29.11,1,47,5,6,0
43,75.92,3,33,1,2,1
14,67.91,1,35,1,8,0
68,59.0,4,46,1,1,1
54,15.0,1,21,3,3,0
58,38.82,1,41,3,2,0
32,98.02,2,31,5,6,1
34,53.38,0,25,5,7,0
46,79.01,0,25,1,7,0
57,35.23,2,39,3,2,0
61,105.97,2,42,5,4,1
2,66.4,1,40,6,2,1
48,77.25,1,61,2,4,0
8,128.14,0,50,1,3,1
21,107.91,3,30,1,8,1
60,62.34,3,79,3,8,0
19,55.17,1,63,3,9,0
58,61.86,0,47,3,3,0
34,82.75,3,21,1,1,1
17,67.37,2,75,3,1,1
25,60.12,1,64,2,9,0
39,106.68,5,47,3,10,1
56,67.14,1,28,1,3,0
44,127.49,0,24,5,9,0
68,72.27,3,36,3,6,0
63,114.63,2,32,2,2,1
55,78.93,1,31,6,4,0
44,94.07,3,43,5,3,1
21,51.88,1,20,1,8,0
30,48.66,3,38,1,2,1
9,81.49,5,72,1,2,1
27,94.71,3,72,4,8,1
67,71.01,2,18,3,4,0
31,37.84,2,60,3,3,0
9,35.99,1,80,4,9,0
47,34.32,4,54,4,10,0
70,25.81,2,42,1,6,0
63,72.74,0,48,1,9,0
20,98.13,2,31,5,9,1
33,69.66,3,43,6,6,1
39,15.0,1,77,6,9,0
18,65.23,0,56,6,1,1
20,65.93,1,45,3,1,1
18,122.4,2,25,5,9,1
72,33.57,0,75,6,2,0
54,60.23,4,28,6,8,0
61,112.65,2,63,1,5,1
59,81.25,2,37,1,8,0
70,84.08,3,35,3,7,0
8,72.86,2,28,4,1,1
64,78.25,1,41,6,4,0
5,89.44,0,60,2,8,0
35,49.76,3,44,5,10,0
43,91.95,3,19,6,9,0
26,35.67,0,34,6,9,0
11,78.21,1,28,2,10,0
14,74.47,2,43,2,9,0
60,54.59,2,74,2,6,0
23,69.43,3,78,5,4,1
23,54.44,1,80,5,6,0
67,43.21,2,25,3,8,0
11,61.16,2,48,1,5,1
66,42.4,2,20,4,9,0
67,78.07,2,49,5,8,0
44,41.25,0,54,3,3,0
12,87.8,1,66,2,10,0
12,40.46,6,39,4,9,1
21,55.84,3,20,4,6,1
42,54.38,2,46,4,2,1
12,103.13,2,44,6,3,1
33,78.26,1,57,2,9,0
9,64.71,5,24,4,1,1
39,82.47,2,56,6,5,0
2,17.32,0,43,2,7,0
52,68.92,4,64,2,3,1
4,119.94,1,79,1,9,1
15,73.31,1,32,3,6,1
13,71.7,2,65,1,1,1
60,83.7,3,26,5,4,0
4,92.39,3,80,1,4,1
31,20.06,1,48,5,3,0
43,27.94,2,65,4,10,0
38,75.26,1,66,6,4,1
50,52.13,2,56,3,6,0
58,102.8,1,42,3,6,0
29,62.12,0,65,2,3,0
60,21.64,1,48,4,6,0
23,38.3,3,59,2,4,0
71,15.0,2,56,1,1,0
37,64.15,1,47,6,5,0
53,65.29,0,25,5,6,0
64,59.39,3,36,1,2,1
58,96.97,1,77,4,8,0
62,99.96,3,50,2,7,0
39,65.74,3,58,2,4,1
4,16.63,2,34,3,6,0
36,85.43,1,62,5,4,1
14,83.88,2,48,1,7,0
65,77.73,0,31,3,2,0
18,94.54,0,27,6,7,0
17,40.88,0,42,3,1,1
18,120.22,2,53,1,1,1
47,46.01,4,35,3,3,1
42,88.73,3,33,5,2,1
69,27.82,3,34,6,5,0
30,46.74,2,36,4,2,1
21,107.91,4,64,1,3,1
4,63.48,1,49,5,1,1
1,91.0,1,47,5,9,0
27,75.92,1,28,4,8,0
67,67.38,2,52,6,3,0
38,104.1,3,78,5,2,1
65,64.08,2,64,2,9,0
8,25.48,1,46,3,7,0
7,49.92,2,37,4,9,0
61,83.78,0,40,3,2,0
8,79.89,2,19,4,4,1
4,30.82,2,19,5,2,1
30,51.89,2,66,1,5,1
67,55.46,3,71,4,2,1
50,60.86,0,79,1,1,0
8,35.6,1,57,4,6,0
61,54.29,2,76,3,10,0
61,51.78,0,44,2,7,0
58,89.29,0,34,6,8,0
65,90.23,3,33,2,9,0
18,66.35,1,32,1,10,0
71,60.2,3,64,3,2,0
24,73.5,2,18,5,3,1
58,49.59,4,77,1,7,0
42,41.33,1,66,3,9,0
57,46.49,2,41,3,8,0
46,54.13,3,62,6,8,0
47,40.91,1,26,1,4,0
45,74.05,0,45,1,4,0
57,88.24,1,24,4,1,1
54,30.32,2,25,2,4,0
10,70.63,6,18,5,2,1
60,64.5,1,68,2,10,0
39,78.54,1,64,4,1,1
24,69.68,2,74,1,4,1
38,33.66,1,79,5,9,0
70,38.44,3,78,4,10,0
62,70.74,1,80,1,4,0
61,95.72,3,18,2,5,1
34,15.0,3,67,1,6,0
57,78.64,4,63,1,9,0
28,99.74,1,28,5,8,0
50,66.17,3,26,3,6,0
47,83.76,3,79,5,4,1
18,52.42,1,73,2,4,1
20,67.02,3,38,5,7,1
5,29.48,4,22,4,9,0
11,15.0,0,39,4,1,0
32,93.57,0,18,5,8,0
35,45.38,2,61,5,5,0
12,58.61,1,41,5,2,1
31,35.34,1,21,5,1,0
44,34.75,1,79,3,4,0
17,65.65,1,70,5,3,1
25,51.76,2,74,6,2,1
27,79.45,0,80,5,3,0
37,81.31,0,18,4,9,0
27,78.02,3,66,1,8,1
54,75.97,2,67,3,3,0
24,109.44,3,67,1,7,1
32,43.31,1,34,1,5,0
28,68.63,2,42,3,8,0
14,98.32,2,76,3,3,1
50,101.61,2,22,4,1,1
17,34.46,2,58,6,4,0
22,62.19,1,67,5,10,0
58,103.95,4,68,3,6,1
69,82.7,3,55,3,1,1
49,74.88,1,66,5,10,0
66,64.56,2,75,2,9,0
62,60.4,1,66,6,6,0
35,77.21,3,25,5,8,1
56,63.69,2,33,5,2,0
24,68.94,2,37,2,6,1
34,71.96,2,39,4,10,0
39,53.05,3,40,5,5,1
70,83.3,5,31,1,1,1
62,142.86,1,61,2,8,0
36,25.58,3,24,4,8,0
47,78.1,2,67,3,8,0
15,51.0,3,59,5,7,0
58,84.44,1,78,3,2,1
40,71.16,3,18,6,2,1
39,89.05,1,36,2,8,0
56,99.39,5,74,3,9,1
46,74.81,2,49,1,1,1
6,98.3,3,53,2,6,1
21,15.0,2,19,2,6,0
13,109.76,2,66,5,4,1
53,79.38,1,33,3,7,0
3,96.95,1,78,2,10,0
15,39.5,0,41,2,9,0
44,49.23,1,29,4,2,0
51,73.65,0,55,5,5,0
37,69.57,2,48,6,10,0
62,77.08,3,47,1,3,1
67,97.11,1,77,6,9,0
10,25.87,4,40,3,5,1
69,94.35,1,43,5,6,0
45,70.21,2,57,1,3,1
46,64.91,1,28,4,10,0
7,33.22,0,70,6,6,0
45,82.58,3,32,1,6,1
53,15.0,1,33,5,5,0
42,86.21,2,18,1,1,1
7,32.7,2,39,6,8,0
38,71.34,1,54,5,4,0
68,67.02,4,62,6,3,1
53,99.24,1,74,6,8,0
10,65.53,2,67,2,2,1
70,52.65,2,38,3,7,0
70,57.33,5,70,5,5,1
13,101.82,3,30,2,8,1
58,83.41,1,31,2,1,1
30,60.36,0,40,1,8,0
43,64.09,1,51,6,3,0
33,30.82,2,30,2,9,0
57,79.71,3,74,3,4,0
72,26.0,1,35,3,1,0
58,88.79,1,42,3,5,1
68,73.22,2,56,5,1,1
69,129.67,1,45,6,3,1
7,42.5,2,43,4,8,0
19,67.43,1,80,6,6,0
52,114.96,2,45,1,8,0
43,99.78,2,25,6,9,0
4,52.59,1,64,1,5,1
7,75.6,1,62,1,6,0
38,70.05,3,31,1,1,1
45,77.05,2,71,2,3,1
13,52.53,2,42,6,8,0
13,67.77,2,27,2,1,1
10,30.05,1,28,5,4,0
41,73.38,1,63,3,2,0
1,81.25,2,31,1,9,1
42,64.31,3,47,3,6,0
35,29.62,2,64,2,7,0
34,94.71,2,71,2,7,1
49,79.11,6,48,4,3,1
38,51.85,1,75,5,1,1
53,62.98,3,37,4,4,0
56,32.48,2,72,2,2,0
67,44.36,1,33,5,4,0
58,56.55,2,22,5,4,0
38,100.71,3,63,2,8,0
36,54.01,2,65,6,4,0
17,86.01,2,76,6,2,1
44,56.54,0,76,4,10,0
11,76.2,1,24,2,1,1
68,66.47,3,57,3,3,1
61,91.83,1,62,3,4,0
9,56.63,2,55,2,1,1
57,30.69,0,19,2,9,0
9,35.45,2,20,1,4,1
52,56.7,3,60,1,8,0
7,38.77,4,71,5,2,1
36,80.26,1,29,1,6,0
48,58.36,1,20,3,2,1
53,129.37,0,43,3,3,0
31,26.56,0,37,1,5,0
67,75.09,2,79,5,9,0
56,41.8,3,76,6,4,0
15,57.66,3,53,4,8,0
49,73.54,1,77,5,1,0
53,15.0,3,32,2,3,0
25,75.92,0,80,6,7,0
54,117.57,1,46,5,5,0
65,58.66,1,48,3,6,0
59,76.5,3,21,5,7,0
55,95.62,0,29,6,1,1
46,65.9,1,30,4,7,0
20,55.48,1,48,2,9,0
58,15.0,4,29,2,8,0
27,86.02,0,24,2,3,1
39,67.17,4,56,2,4,1
23,44.68,2,72,6,10,0
23,73.16,1,22,2,8,0
12,55.41,1,53,6,10,0
70,56.79,0,78,2,10,0
11,85.16,0,43,3,5,1
7,36.54,1,29,4,2,1
68,96.18,0,23,1,3,0
40,35.06,1,76,2,3,0
32,53.43,4,43,2,9,0
54,118.07,0,24,1,3,1
28,98.18,1,72,5,4,1
10,72.44,0,68,4,9,0
53,46.49,1,62,6,2,0
13,56.77,0,23,6,7,0
40,71.83,2,23,3,6,0
69,70.94,0,31,5,10,0
68,67.73,1,28,1,5,0
26,69.23,3,51,3,6,1
57,64.64,2,42,4,9,0
45,33.95,0,66,3,10,0
35,57.09,2,24,5,8,0
11,92.87,1,63,6,7,1
28,35.79,1,76,3,9,0
47,65.26,2,26,2,10,0
72,49.51,0,59,4,8,0
1,72.78,2,50,6,3,1
52,60.28,4,23,6,7,0
61,106.93,2,36,5,3,1
69,82.66,2,67,2,6,0
31,37.2,2,72,2,5,0
9,86.78,3,41,4,10,1
20,50.63,6,24,3,6,1
62,55.58,1,33,4,10,0
64,77.85,4,71,6,9,0
46,57.71,1,53,4,9,0
9,92.32,2,45,3,2,1
9,50.64,2,18,6,8,0
35,54.53,5,67,3,3,1
43,53.59,1,47,4,6,0
3,55.86,3,52,1,5,1
50,97.48,0,71,4,3,0
40,85.72,3,53,3,10,0
1,112.75,1,76,1,9,1
7,126.69,1,53,2,6,1
33,44.23,2,39,5,1,1
53,71.76,0,76,2,2,1
60,40.59,2,58,1,3,0
32,50.56,0,65,1,10,0
22,54.25,2,32,1,5,1
70,43.57,1,60,3,1,0
34,43.7,3,53,3,6,0
23,66.39,3,24,4,10,0
32,39.58,3,34,4,6,0
1,91.05,2,75,4,5,1
22,47.06,0,53,6,2,0
38,140.24,3,66,2,9,1
67,58.72,3,28,5,2,1
54,71.8,7,31,1,10,0
57,37.62,3,77,6,3,0
40,112.65,1,44,3,2,1
8,97.99,5,73,3,4,1
29,77.42,2,68,1,1,1
72,36.33,3,39,4,1,0
4,75.27,2,77,3,2,1
64,41.96,2,66,6,7,0
50,106.56,1,26,2,9,0
21,90.23,1,24,3,3,1
57,72.39,1,25,6,7,0
61,15.0,4,64,5,4,0
4,45.41,2,27,5,5,1
8,87.19,2,35,4,4,1
48,100.32,2,45,6,9,0
72,97.73,1,26,2,6,0
2,30.2,2,38,5,6,0
48,77.54,2,60,4,9,0
10,95.39,2,79,3,7,1
47,28.54,2,47,2,2,0
45,69.8,2,65,4,2,1
7,76.85,3,51,1,4,1
50,62.48,6,47,5,1,1
65,23.7,2,50,2,7,0
63,61.86,1,78,3,5,0
3,61.82,3,21,2,1,1
18,66.3,0,50,3,5,0
18,55.91,4,21,3,9,0
33,58.92,3,73,2,10,0
11,69.01,0,55,6,10,0
62,81.06,2,20,5,10,0
56,62.39,2,57,3,7,0
59,59.76,1,45,1,10,0
15,72.31,0,20,6,10,0
2,21.98,1,79,5,7,0
66,81.93,0,41,4,5,0
21,69.99,1,19,4,10,0
48,70.99,2,56,1,5,0
66,94.02,1,41,3,2,1
3,21.18,1,59,2,2,1
1,20.65,2,28,4,6,0
1,76.85,0,70,6,1,1
12,69.82,1,44,4,2,1
4,74.25,2,44,4,3,1
60,58.45,0,68,5,6,0
44,86.61,1,52,6,5,0
71,93.32,3,18,1,6,1
58,82.1,2,54,2,6,0
70,63.48,2,58,2,10,0
18,17.31,3,37,5,3,1
21,89.23,0,29,3,5,1
62,100.54,1,21,5,7,0
18,86.11,1,71,3,3,1
5,48.01,3,18,6,2,1
49,86.84,3,54,5,1,1
58,91.51,2,70,1,4,1
70,108.97,0,40,6,3,0
67,48.1,2,30,6,2,0
9,64.34,1,63,1,3,1
56,88.68,1,57,3,7,0
61,71.44,2,18,6,9,0
51,42.07,2,54,6,6,0
60,80.37,4,18,3,1,1
61,84.47,3,43,4,8,0
33,72.2,2,37,1,2,1
3,75.49,4,70,4,1,1
33,63.53,3,79,4,6,0
15,106.96,1,61,3,5,1
9,47.48,0,64,2,4,0
9,55.32,1,19,5,10,0
51,70.27,3,22,3,1,1
37,91.97,1,66,2,1,1
39,32.57,2,44,3,6,0
54,37.24,2,49,3,5,0
40,19.06,1,61,2,9,0
46,70.82,2,39,4,1,1
7,42.04,0,60,6,5,0
62,60.39,3,63,5,2,1
33,86.53,5,33,2,1,1
12,53.96,4,61,3,5,1
59,75.78,2,28,4,8,0
53,62.52,3,37,5,2,1
4,86.8,4,67,5,9,1
14,81.88,2,79,3,6,1
2,52.7,4,22,2,5,1
20,65.78,3,58,4,10,0
8,96.09,2,53,1,4,1
52,79.83,2,56,5,3,1
38,35.08,2,67,6,8,0
71,86.39,2,22,5,2,1
54,42.88,1,64,3,9,0
45,105.31,3,35,5,9,0
37,95.6,1,27,4,10,0
4,77.25,1,46,4,5,1
6,73.93,0,19,6,7,0
45,64.77,0,57,2,9,0
1,86.96,2,53,5,2,1
4,60.73,0,50,5,4,1
16,75.89,4,19,4,5,1
64,91.8,2,66,1,7,0
34,55.95,0,20,5,7,0
52,54.6,1,34,2,10,0
30,40.14,3,42,6,5,0
13,43.39,1,62,5,2,0
27,24.29,2,43,3,2,1
7,88.25,2,69,3,9,1
56,115.22,1,76,1,5,0
14,105.63,2,66,3,7,1
28,29.35,5,20,1,6,1
71,88.12,3,66,6,9,0
43,105.55,4,30,4,3,1
34,58.58,1,73,2,2,1
40,72.54,1,79,5,8,0
57,19.8,0,23,1,5,0
19,76.67,2,24,4,9,0
46,43.41,1,61,1,2,1
63,74.99,3,27,1,3,1
42,30.97,0,79,2,10,0
33,83.57,2,52,2,9,0
11,95.61,1,54,5,1,1
18,50.42,0,72,6,9,0
69,41.58,4,31,5,1,1
39,16.1,0,53,5,2,0
22,63.34,5,80,4,9,1
31,55.46,3,19,3,2,1
42,31.22,0,29,2,4,0
39,81.33,1,27,6,2,0
51,58.75,0,39,4,6,0
19,43.11,4,26,4,1,1
47,56.14,2,28,1,3,0
32,96.78,3,71,3,4,1
68,85.07,5,47,5,7,0
12,66.75,4,40,3,5,1
11,85.48,4,44,4,2,1
34,40.98,3,79,5,5,0
37,70.81,1,48,1,5,0
50,73.68,1,47,6,4,0
30,58.25,0,76,5,6,0
66,80.89,0,20,3,4,0
35,50.49,4,48,5,4,1
10,82.75,2,65,1,8,1
9,83.8,3,50,2,3,1
71,15.0,1,72,1,4,0
10,99.76,0,73,4,2,1
69,15.0,3,39,6,7,0
21,54.6,4,69,4,8,1
7,95.63,6,33,5,7,1
22,62.07,0,33,1,2,1
45,33.35,0,79,6,5,0
31,42.66,5,18,2,3,1
57,95.67,3,40,4,8,0
44,21.96,4,57,5,4,0
29,98.22,2,44,6,5,1
46,68.62,4,71,6,5,0
70,40.19,1,33,4,8,0
30,55.42,4,52,4,8,0
12,44.57,1,25,3,9,0
30,91.66,2,31,4,5,1
61,88.31,3,28,5,9,0
16,27.02,2,64,4,9,1
69,59.91,3,30,4,6,0
43,48.42,1,60,3,7,0
44,102.34,2,39,2,10,0
23,36.25,3,53,1,9,0
67,110.11,3,73,3,3,1
3,69.17,1,72,3,8,0
22,40.95,4,18,4,5,1
31,53.07,1,67,6,2,0
35,49.96,3,78,5,4,0
35,38.13,2,60,5,10,0
11,72.37,1,29,4,10,0
17,39.3,1,59,6,8,0
7,15.49,1,58,6,10,0
42,60.51,2,59,1,6,0
26,24.93,2,45,4,8,0
41,51.2,3,51,4,2,1
43,47.27,0,59,6,3,0
51,48.22,1,47,4,2,0
40,120.02,1,66,1,10,0
47,71.41,4,62,2,7,0
43,76.13,1,37,1,10,0
47,25.59,2,56,2,5,0
45,53.65,1,65,1,5,1
23,75.38,1,48,5,7,0
18,44.39,4,63,3,6,1
57,92.7,0,25,5,4,0
25,39.93,1,42,6,4,0
40,62.84,2,62,4,6,0
15,55.35,4,74,3,1,1
32,74.11,1,58,2,2,1
39,53.99,2,59,5,1,1
46,63.23,2,39,4,2,1
38,64.1,1,62,5,2,0
26,51.64,2,40,1,1,1
70,82.13,1,21,1,1,1
37,75.96,1,33,1,9,0
59,67.78,4,56,5,2,1
54,59.24,1,78,4,6,0
41,89.91,0,49,2,1,0
64,64.1,1,72,2,10,0
10,62.33,3,67,4,3,1
67,72.62,2,53,6,8,0
62,112.41,3,68,6,7,1
37,36.49,2,43,3,8,0
53,89.25,1,45,5,7,0
38,22.67,2,64,1,6,0
20,75.43,3,58,6,8,1
58,109.38,1,51,1,9,0
18,82.22,3,45,3,4,1
23,74.27,2,79,5,10,0
38,55.99,4,22,6,10,0
61,70.78,2,21,2,8,0
28,63.7,3,48,4,10,0
36,50.35,4,20,2,2,1
3,62.75,5,39,1,6,1
9,74.96,1,53,3,7,0
5,50.82,0,43,4,10,0
6,49.84,6,30,2,2,1
63,35.99,0,35,6,9,0
61,79.77,1,56,4,1,0
60,83.63,0,77,3,4,0
5,75.79,1,67,3,7,1
6,94.13,4,52,3,3,1
21,72.2,3,26,1,9,1
41,79.8,0,33,4,10,0
25,77.6,2,45,5,2,1
36,67.71,1,33,3,3,0
13,56.73,0,61,3,1,1
53,125.35,4,41,6,8,1
23,58.7,2,70,4,9,0
5,53.35,4,34,2,7,1
54,80.85,0,49,1,2,1
66,76.3,1,63,5,2,0
2,34.88,3,30,4,1,1
32,98.07,0,65,4,5,0
60,67.65,0,54,2,8,0
51,42.23,0,58,2,2,0
62,99.72,4,46,3,9,0
30,85.64,1,76,5,3,0
27,38.39,3,66,2,6,0
52,114.43,1,30,4,7,1
12,86.47,1,53,6,6,1
18,69.75,0,74,2,5,1
44,109.76,2,35,2,4,1
49,73.98,2,51,2,5,1
9,69.3,2,65,6,3,1
37,53.49,1,35,4,3,0
27,84.55,0,50,6,8,0
37,81.92,2,52,6,9,0
70,70.37,2,29,3,9,0
6,50.25,0,29,1,4,1
72,73.25,4,53,2,4,1
33,68.26,2,29,4,1,1
56,36.66,1,77,3,3,0
31,33.2,5,50,1,6,1
23,84.13,2,62,6,3,1
56,15.0,1,43,2,8,0
50,75.14,3,36,4,1,1
11,58.05,0,48,6,5,0
51,102.71,1,62,4,3,1
55,57.66,0,43,5,5,0
28,86.49,2,35,1,1,1
67,60.08,0,27,5,5,0
47,72.84,1,52,6,8,0
25,88.42,0,60,6,9,0
1,58.44,1,51,1,3,1
49,94.91,2,34,2,5,1
16,45.16,1,33,1,7,0
55,77.36,2,41,6,5,1
38,93.07,1,39,2,6,0
34,86.5,1,30,4,4,0
12,117.91,0,77,3,9,0
52,50.91,4,38,5,7,0
12,35.52,5,33,6,10,1
31,45.14,1,56,2,8,0
61,86.51,1,68,5,4,0
67,82.45,0,47,2,4,0
72,72.56,3,60,2,1,1
69,41.93,4,23,1,7,0
41,89.17,3,51,3,8,0
15,39.38,2,22,4,4,0
61,98.97,3,26,5,1,1
58,141.44,1,55,6,9,0
72,79.16,3,30,4,3,1
47,84.58,3,20,3,6,1
11,57.68,2,29,2,1,1
37,24.74,1,66,6,1,1
33,54.93,0,54,3,9,0
61,42.68,2,42,5,7,0
29,33.82,3,79,4,1,1
24,113.06,1,42,6,2,1
6,76.82,1,73,6,5,0
61,79.49,1,39,5,7,0
55,62.27,0,19,4,5,0
3,65.68,1,24,1,9,1
32,94.11,3,35,1,7,0
35,69.19,1,29,4,7,0
34,83.27,2,27,5,3,1
67,65.1,1,42,5,7,0
11,61.45,1,79,2,9,0
23,34.83,1,30,4,1,0
14,20.56,2,32,6,8,0
18,63.46,4,80,1,9,1
66,71.41,1,30,3,5,0
68,37.85,3,70,6,8,0
4,69.14,1,57,2,4,1
46,71.34,0,76,2,2,0
17,16.1,1,53,3,9,0
14,47.12,0,55,5,4,0
22,80.18,5,32,2,8,1
14,79.68,3,54,5,4,1
36,41.16,1,60,2,4,0
72,73.96,1,80,3,7,0
43,95.56,1,24,4,4,0
53,89.43,0,27,1,9,0
36,67.62,3,19,5,1,1
2,58.3,1,67,5,1,1
7,54.27,0,23,6,1,1
20,81.7,1,75,2,3,1
18,74.88,1,40,3,1,1
61,85.74,0,36,6,4,0
61,73.3,2,79,1,1,1
62,90.47,1,63,3,8,0
46,72.36,2,52,3,2,1
41,89.62,0,74,3,10,0
47,91.77,4,65,3,9,0
30,49.89,5,58,5,7,1
49,24.8,3,38,2,8,0
58,108.59,2,80,6,8,0
55,76.42,1,63,6,9,0
45,27.14,1,77,2,6,0
5,52.15,4,78,6,7,1
53,89.3,2,52,2,5,1
27,63.01,3,40,1,7,1
54,57.2,2,77,3,4,0
39,105.02,2,80,5,2,1
64,43.82,1,25,6,10,0
25,50.05,3,58,4,7,0
68,75.28,3,55,5,8,0
61,79.76,2,65,2,3,1
24,82.41,1,79,6,8,0
35,92.78,5,33,4,6,1
39,74.96,5,79,1,1,1
56,82.23,3,58,1,10,0
50,63.52,3,23,2,10,0
62,71.57,2,50,1,9,0
27,72.69,1,26,2,5,1
37,75.38,2,78,6,3,1
32,89.31,1,66,2,1,1
66,83.88,2,74,4,8,0
22,71.11,3,55,6,9,0
43,49.77,2,42,2,2,0
9,71.69,5,44,5,7,1
62,69.3,2,77,3,1,1
28,74.83,2,27,2,8,0
25,125.16,2,73,6,1,1
42,56.91,3,44,4,10,0
36,80.56,2,55,3,2,1
62,96.71,1,60,5,5,0
39,72.45,1,23,6,7,1
38,128.45,3,27,5,9,1
8,60.55,1,28,6,4,1
2,78.1,4,67,2,10,1
29,50.03,1,22,3,1,1
72,61.21,3,56,2,5,0
67,76.22,2,24,5,10,0
46,91.16,0,66,5,3,0
46,77.98,0,79,4,6,0
29,101.48,2,44,4,5,1
13,67.63,2,31,5,4,1
1,61.7,3,46,2,8,1
25,137.6,3,61,3,6,1
23,79.86,4,63,5,8,1
14,52.01,4,58,1,6,1
19,52.64,2,54,6,10,0
2,46.43,4,57,2,5,1
44,93.41,2,31,5,8,0
67,60.89,2,31,4,7,0
50,73.18,4,76,6,9,0
33,68.41,4,54,5,9,0
31,88.29,0,72,4,3,0
23,48.83,2,57,5,4,0
11,43.11,2,46,3,4,1
44,75.61,5,53,4,5,1
41,85.02,0,61,6,5,0
1,78.31,4,29,1,1,1
30,49.76,1,47,3,9,0
21,86.94,2,63,1,9,0
13,51.4,3,23,4,7,1
51,56.96,2,22,5,4,0
38,46.4,1,28,1,9,0
46,102.53,3,55,4,3,1
52,85.84,1,33,3,4,0
71,85.12,1,45,5,10,0
58,101.18,2,26,2,10,0
45,140.32,2,33,1,6,1
64,27.27,0,19,1,2,0
35,51.54,1,68,3,2,1
71,54.6,2,47,3,10,0
55,48.73,1,29,6,3,0
47,43.06,3,51,3,7,0
66,62.51,1,76,2,4,0
38,39.58,0,69,5,5,0
52,78.38,4,73,1,10,0
21,71.29,2,43,3,6,1
70,82.03,1,40,4,5,0
45,82.69,2,37,2,5,1
57,85.08,3,37,4,3,1
34,60.66,1,75,3,6,0
63,123.03,1,26,6,6,0
6,75.86,2,71,2,1,1
9,23.44,1,75,6,5,0
37,44.94,4,71,4,7,0
53,26.49,4,57,5,1,1
59,70.43,3,71,2,10,0
32,66.95,6,20,1,9,1
47,58.29,1,69,5,7,0
40,120.27,0,50,3,1,1
70,83.72,3,78,2,6,0
48,88.15,4,23,6,9,0
31,46.72,1,76,2,1,1
70,45.02,0,54,3,8,0
8,70.92,1,24,5,9,0
71,74.33,0,50,6,1,0
12,23.59,1,20,6,3,1
21,65.49,1,23,4,8,0
60,70.35,2,51,1,10,0
53,64.62,0,69,1,8,0
70,49.67,2,24,5,6,0
54,56.51,0,34,4,7,0
46,65.58,1,42,1,6,0
25,72.27,2,52,5,6,1
1,85.12,2,18,6,8,1
9,97.02,0,58,1,1,1
22,62.64,1,49,5,3,0
3,58.6,3,78,3,1,1
37,80.94,2,36,3,8,0
56,85.27,3,49,5,8,0
70,59.14,0,23,2,1,0
36,89.76,3,75,1,2,1
64,94.49,2,70,6,3,0
71,102.29,1,40,3,3,1
62,114.46,0,47,2,6,0
34,48.34,0,72,5,5,0
24,70.35,4,36,2,4,1
71,70.28,2,32,5,2,0
18,67.55,4,33,1,7,1
30,53.77,1,62,4,8,0
6,32.86,3,31,3,7,1
58,72.32,1,23,6,9,0
47,50.79,2,28,4,10,0
7,72.15,3,80,6,9,0
16,50.15,2,72,2,7,0
40,42.51,4,78,3,1,1
39,75.86,1,35,5,4,0
58,73.77,4,45,1,5,1
20,84.48,0,48,6,8,0
67,124.65,3,51,5,9,0
33,76.93,1,19,5,7,0
60,82.13,2,55,2,4,0
18,43.06,2,20,5,8,0
3,37.83,2,35,6,7,0
4,109.57,2,36,2,8,1
27,46.91,1,60,4,6,0
69,43.9,2,74,1,7,0
4,69.02,5,62,3,4,1
27,67.75,2,45,1,4,1
8,47.44,2,51,4,3,1
68,62.38,2,50,4,3,0
49,100.73,4,27,4,7,1
55,49.85,1,78,5,4,0
52,35.16,3,75,6,2,0
48,93.56,1,33,2,1,1
56,82.31,0,25,2,9,0
1,54.49,0,28,2,5,1
63,30.45,0,57,6,6,0
54,51.38,3,19,1,10,0
54,68.63,0,24,1,2,1
29,99.14,3,58,1,10,1
58,44.09,0,27,5,8,0
28,67.89,3,22,4,7,0
4,86.88,0,19,6,5,0
66,15.0,3,62,2,8,0
17,95.84,4,40,3,3,1
8,40.44,2,35,4,4,1
45,78.3,3,58,1,10,0
17,76.17,3,28,6,3,1
62,97.11,2,50,5,8,0
32,83.77,3,48,1,10,1
1,15.0,3,60,6,6,1
69,50.38,4,57,3,3,0
38,73.46,1,60,3,9,0
19,65.13,1,31,6,9,0
49,81.94,2,26,4,6,0
39,89.73,5,51,2,2,1
3,85.21,1,21,5,5,1
55,64.64,1,46,5,5,0
29,23.84,1,57,2,2,0
51,58.61,1,69,5,5,0
65,80.41,0,59,4,2,0
44,42.74,4,80,2,7,0
49,85.78,2,53,3,5,0
19,92.71,4,46,6,8,1
18,73.17,2,33,2,5,1
30,15.0,1,60,5,8,0
62,38.05,6,69,5,8,0
38,117.15,1,38,6,2,1
26,56.34,1,22,2,5,0
57,20.4,3,18,2,8,0
62,100.88,2,57,6,6,0
65,70.33,1,59,3,3,0
22,97.62,1,25,4,9,0
52,76.92,0,19,4,2,0
43,81.46,2,59,4,10,0
33,79.08,2,43,4,8,0
29,87.44,1,44,3,4,0
9,126.94,4,34,3,2,1
20,94.28,1,63,3,10,0
40,30.49,1,64,4,6,0
64,81.17,2,21,5,9,0
63,98.54,0,23,4,9,0
14,100.07,5,52,5,1,1
49,59.33,2,55,3,7,0
7,99.12,2,27,5,4,1
49,93.19,1,27,3,10,0
25,134.31,0,60,3,3,1
33,51.25,1,46,1,1,1
52,57.31,3,25,2,7,0
31,62.35,2,56,5,6,0
59,57.74,5,22,1,6,0
39,47.75,5,32,2,3,1
72,15.0,2,62,5,5,0
46,59.13,3,32,6,10,0
22,79.23,1,22,3,8,0
56,57.67,2,78,3,10,0
30,118.38,3,32,4,4,1
39,70.33,5,50,5,9,1
10,102.28,2,69,3,4,1
9,76.54,2,80,2,10,0
42,90.66,7,69,3,9,1
14,76.98,3,39,2,2,1
72,104.22,3,71,5,10,0
62,71.4,1,18,1,7,0
51,82.4,1,38,4,8,0
53,79.16,2,30,1,6,0
43,62.79,3,51,6,3,0
5,80.12,2,74,4,10,0
29,125.86,0,66,1,2,1
36,63.24,2,80,6,9,0
66,80.49,5,26,4,3,1
16,101.44,2,65,4,8,1
36,98.51,0,63,1,5,1
25,70.29,0,46,2,3,1
10,15.0,0,24,5,3,0
8,82.92,2,24,3,4,1
27,15.0,5,75,4,10,0
6,106.75,5,36,6,8,1
5,74.24,1,58,3,7,1
26,94.99,0,77,3,7,0
15,47.45,1,49,5,5,0
40,31.19,1,31,1,10,0
2,76.52,3,48,3,3,1
22,69.16,0,32,6,10,0
33,57.71,0,29,2,4,0
70,72.12,4,69,2,4,1
46,139.19,0,39,3,5,1
64,90.86,2,61,1,8,0
25,96.24,2,63,1,8,1
33,91.1,1,52,2,8,0
31,106.99,0,52,6,1,1
64,65.25,1,29,2,2,0
70,18.63,0,51,5,9,0
70,65.29,4,65,3,10,0
55,90.29,0,30,5,2,0
37,45.75,3,32,2,10,0
39,65.59,2,61,6,3,0
71,52.71,2,79,3,10,0
21,107.55,1,42,5,10,0
25,88.74,2,70,5,7,1
65,86.29,2,29,3,2,1
28,85.54,0,53,5,8,0
17,69.07,1,77,1,2,1
41,74.94,4,45,3,4,1
24,40.37,2,49,3,7,1
65,15.34,2,27,6,1,0
66,73.75,1,51,6,4,0
23,78.1,1,54,5,8,0
39,100.23,4,79,6,1,1
71,109.28,3,30,6,4,0
54,109.25,1,41,5,1,1
16,45.05,4,58,4,7,1
43,61.19,1,77,2,1,1
45,82.01,1,32,5,3,1
48,133.3,0,61,2,6,1
2,107.0,1,73,2,3,1
22,97.98,1,57,6,3,1
62,60.31,1,44,1,9,0
18,47.92,2,32,1,8,0
22,89.72,2,36,4,1,1
24,42.48,4,21,4,9,1
13,64.04,2,27,1,5,1
12,67.13,1,45,3,2,1
25,109.82,4,26,2,10,1
63,61.13,2,18,2,4,0
1,15.0,2,61,2,4,0
21,82.61,1,22,5,2,1
5,52.52,1,26,3,9,0
41,71.07,2,55,6,3,1
19,67.83,3,76,1,6,1
58,63.16,4,63,5,3,1
43,89.76,5,20,6,9,0
57,31.68,3,28,3,8,0
46,57.07,1,64,5,6,0
32,87.1,4,64,3,4,1
62,54.65,2,42,4,7,0
35,29.78,0,77,6,5,0
69,86.71,3,73,4,10,0
72,98.08,1,64,4,7,0
43,68.88,0,65,6,1,0
49,20.98,3,67,3,9,0
19,87.65,2,27,2,2,1
59,28.5,0,62,5,4,0
49,77.72,1,77,5,5,0
65,47.81,1,32,2,3,0
20,41.0,2,18,5,10,0
57,58.95,4,40,1,10,0
34,65.42,4,34,2,2,1
14,53.89,0,77,6,4,0
13,84.72,3,46,4,4,1
41,58.85,0,59,4,7,0
24,94.5,1,79,4,6,0
8,77.03,4,67,1,7,1
31,52.56,0,65,6,1,0
48,48.35,3,79,2,6,0
23,28.81,1,61,5,3,0
69,77.27,1,32,6,3,0
57,61.14,1,63,2,8,0
37,15.0,0,38,4,2,0
68,56.61,1,38,1,1,1
32,47.47,2,58,4,5,0
11,109.39,1,37,3,8,1
3,27.43,3,19,1,6,1
68,33.97,3,80,5,2,0
70,97.75,5,53,6,8,1
54,103.92,3,60,1,4,1
8,51.38,3,68,6,8,0
22,54.2,3,57,6,3,1
3,85.41,3,56,4,10,1
4,15.0,1,67,6,3,0
18,23.47,3,36,2,10,0
42,62.98,2,70,5,4,0
5,108.75,2,63,5,8,1
71,59.11,3,29,4,6,0
33,72.52,1,27,6,1,1
19,98.34,1,73,6,1,1
38,122.67,3,74,5,5,1
57,55.58,1,80,4,2,0
23,69.58,1,24,6,7,0
4,115.55,1,74,4,2,1
4,31.95,3,72,4,6,1
62,95.69,5,66,2,3,1
9,44.54,2,49,2,2,1
46,72.56,1,50,6,4,0
28,63.93,2,45,3,6,0
56,46.05,2,19,4,4,0
5,45.42,3,49,5,4,1
65,76.91,1,32,2,4,0
51,94.89,0,30,2,4,0
33,66.76,3,21,1,5,0
15,71.75,2,46,2,9,1
71,84.28,1,21,4,6,0
22,45.71,3,71,5,5,1
36,88.49,3,74,2,8,1
29,90.48,3,68,3,6,1
17,135.09,0,36,2,10,1
30,60.6,2,28,5,6,1
11,58.55,1,49,4,3,1
1,89.22,0,60,1,6,0
21,90.48,0,19,4,8,0
9,56.62,2,71,3,3,1
30,59.92,2,45,6,3,1
63,83.53,1,69,2,6,0
12,49.31,5,22,6,9,0
1,59.74,0,44,5,4,1
8,72.24,1,46,1,6,1
37,94.9,4,21,5,7,1
20,54.89,2,62,5,7,0
36,23.94,0,76,3,2,0
3,22.09,3,52,1,4,1
24,38.51,2,42,3,10,0
30,37.17,0,58,4,9,0
32,66.13,2,40,1,8,0
40,40.28,0,40,3,1,0
57,52.43,1,65,5,5,0
34,50.65,0,55,4,1,1
61,58.99,3,34,6,4,0
39,103.06,1,43,2,9,0
19,86.55,3,70,5,4,1
17,70.4,2,51,3,2,1
24,58.47,0,22,2,8,0
44,59.17,3,71,6,8,0
18,78.19,2,64,4,7,1
66,84.6,3,34,4,9,0
35,47.31,2,78,2,8,0
63,70.91,0,77,6,7,0
50,19.21,1,80,1,9,0
25,75.29,2,41,1,4,1
17,89.05,2,76,2,5,1
54,63.0,4,68,4,6,0
24,115.41,0,72,1,7,1
18,47.97,1,52,5,5,0
67,75.44,1,35,2,5,0
35,69.1,4,32,5,2,1
4,67.49,0,78,5,7,0
36,67.14,3,49,6,2,1
34,72.68,1,76,2,5,1
63,91.2,1,52,1,5,0
52,104.44,5,51,5,8,1
14,69.94,3,22,3,5,1
11,90.38,2,43,6,1,1
44,52.46,1,53,2,6,0
4,89.15,2,24,4,3,1
23,50.95,2,28,1,4,1
10,97.27,2,55,3,3,1
2,125.27,1,33,1,2,1
67,66.95,5,62,5,10,0
7,15.19,2,47,4,3,1
1,56.3,1,43,1,6,1
68,100.8,3,25,3,9,0
14,83.83,3,43,3,4,1
59,76.22,1,52,5,10,0
3,95.22,2,54,3,5,1
12,82.11,5,35,3,10,1
8,100.44,3,19,5,5,1
51,92.99,5,76,4,1,1
45,108.04,0,78,5,9,0
35,78.97,0,74,6,9,0
18,92.63,2,36,6,10,0
7,62.32,1,55,6,2,1
41,54.96,3,26,5,9,0
17,112.67,0,75,4,4,1
43,75.41,0,18,4,9,0
50,90.12,1,47,2,10,0
62,73.09,3,71,5,2,1
36,55.34,0,63,5,4,0
1,70.27,2,72,6,3,1
21,105.9,3,49,5,4,1
62,83.88,1,24,3,6,0
39,27.21,0,18,2,5,0
45,64.62,0,27,6,7,0
33,114.56,3,21,5,7,1
12,64.66,3,46,6,3,1
65,24.99,4,21,4,1,0
56,117.33,1,29,4,8,0
72,87.06,1,44,1,2,0
62,68.25,5,64,1,2,1
21,60.71,1,60,5,7,0
19,97.06,2,21,2,3,1
18,56.45,0,74,1,2,1
67,98.71,1,52,5,4,0
41,83.55,2,39,4,6,0
33,76.12,2,42,1,9,0
70,73.64,3,71,3,10,0
44,65.63,5,47,3,8,0
66,96.14,5,33,1,9,0
71,48.37,4,44,4,6,0
6,29.45,4,22,3,5,1
27,85.36,3,27,6,9,1
53,85.78,3,37,1,4,0
59,82.01,1,31,6,9,0
11,80.19,1,40,1,10,0
23,61.99,0,22,5,4,0
40,89.69,2,56,5,7,0
58,68.86,5,25,3,8,0
9,57.82,0,31,2,8,0
44,62.2,3,79,1,3,1
22,120.52,0,18,3,10,0
16,26.63,4,35,5,6,0
38,82.49,0,49,5,1,1
30,28.02,1,37,2,2,0
46,67.29,2,38,1,8,0
23,59.16,1,26,4,5,1
60,17.87,2,44,4,2,0
6,79.73,1,65,6,6,1
63,60.5,5,55,5,6,1
3,17.52,2,76,4,1,1
53,90.99,3,62,4,4,0
25,105.88,3,67,4,5,1
28,107.25,6,45,3,8,1
2,78.97,1,56,5,7,1
51,71.15,3,54,2,1,1
12,103.2,1,69,5,7,1
48,112.06,2,49,6,10,0
53,98.34,2,43,3,1,1
61,46.46,1,22,3,10,0
51,75.03,1,72,3,1,0
22,80.99,3,45,5,7,1
54,24.76,1,68,2,4,0
60,81.73,2,60,3,8,0
23,126.82,3,18,4,9,1
9,86.0,1,59,5,9,0
65,106.84,4,48,2,9,0
11,74.57,1,33,1,9,0
43,68.17,2,34,4,4,0
18,79.53,0,58,4,5,0
10,49.6,2,23,5,8,0
56,45.91,2,56,1,2,0
11,101.66,2,71,1,6,1
49,104.31,2,23,3,6,1
50,45.22,2,18,4,10,0
5,94.2,5,21,1,1,1
13,67.83,3,64,2,1,1
58,78.5,4,71,3,1,1
37,81.51,0,80,2,6,0
9,94.86,2,19,5,6,1
72,72.07,2,48,1,6,0
20,105.25,1,21,6,3,1
1,77.74,4,41,2,4,1
67,85.6,0,37,3,5,0
2,49.17,0,56,6,1,1
40,123.97,3,75,4,8,1
72,81.75,2,68,6,1,0
42,87.82,2,22,1,7,0
43,29.8,1,33,5,5,0
28,49.43,4,35,1,10,0
10,100.95,2,33,4,7,1
42,77.17,3,40,2,5,0
65,22.16,2,56,5,8,0
7,95.96,2,64,1,2,1
64,56.41,1,77,6,2,0
30,105.28,4,62,3,5,1
39,67.8,0,36,4,9,0
12,75.12,2,29,4,9,0
45,99.47,2,41,1,4,1
14,47.56,4,68,2,3,1
20,45.18,1,80,5,10,0
52,65.09,3,42,6,6,0
4,90.68,3,29,6,2,1
33,36.73,0,18,4,3,0
43,28.3,3,22,2,9,0
10,90.59,4,58,3,9,1
22,54.93,0,55,3,10,0
25,60.19,1,58,3,1,1
48,23.58,2,19,3,9,0
71,53.03,2,45,6,2,0
61,69.81,3,29,3,9,0
14,93.26,2,39,1,9,1
2,50.72,3,57,5,4,1
4,111.43,0,35,4,2,1
43,52.89,3,59,3,8,0
12,52.92,1,36,4,1,0
17,108.43,1,50,6,6,0
62,75.29,0,46,6,4,0
63,56.2,1,42,5,5,0
61,66.12,1,25,4,9,0
19,103.83,4,54,1,10,1
45,106.66,0,80,4,5,0
44,49.58,2,58,5,3,0
14,68.94,1,64,6,9,0
40,72.25,2,68,5,5,0
38,45.34,2,20,6,2,1
29,68.61,1,67,4,10,0
55,70.13,2,33,1,10,0
49,98.51,2,59,3,3,1
39,100.19,4,79,2,2,1
53,61.77,3,74,6,2,1
55,64.65,2,44,5,6,0
41,86.61,4,70,3,4,1
20,55.37,3,56,3,7,1
55,84.72,3,26,1,8,0
52,67.8,1,33,1,1,1
71,45.77,0,78,2,9,0
11,46.08,2,75,2,1,1
31,106.18,0,74,2,2,1
67,66.09,1,42,6,8,0
38,111.01,1,38,5,7,0
68,57.16,1,68,4,10,0
1,77.28,1,19,2,6,1
3,129.82,2,74,6,5,1
58,43.57,3,56,4,7,0
26,22.55,3,57,4,8,0
38,102.16,1,45,3,7,1
31,49.33,3,79,4,4,1
30,69.48,0,65,6,10,0
68,55.35,1,21,5,4,0
7,76.7,2,51,3,4,1
56,46.24,1,72,5,3,0
65,65.5,2,22,6,3,0
48,81.25,0,64,2,3,0
29,44.79,1,33,6,6,0
12,52.5,1,49,4,8,0
50,61.32,6,73,2,5,1
34,34.28,4,49,6,10,0
11,59.44,6,20,5,5,1
26,72.97,1,19,3,5,1
70,60.01,1,64,2,1,0
20,63.22,1,76,6,10,0
13,69.5,3,36,5,2,1
50,53.61,0,76,1,2,0
15,87.28,5,46,4,10,1
67,105.9,4,21,1,6,1
62,58.39,2,51,2,1,1
71,82.13,2,79,4,5,0
66,64.01,2,33,2,6,0
18,79.14,1,78,4,1,1
16,109.14,4,59,3,8,1
25,82.72,2,42,4,7,1
34,25.66,0,61,5,1,0
64,81.35,3,43,1,7,0
53,100.82,2,23,5,3,0
47,64.46,3,72,2,8,0
64,94.89,4,41,1,4,1
47,52.75,6,53,3,3,1
28,32.86,3,64,2,6,0
30,73.53,3,23,2,5,1
38,26.09,0,63,3,4,0
7,64.01,1,41,6,9,0
54,102.17,3,52,4,7,0
47,22.26,3,46,5,5,0
53,38.01,3,66,1,3,0
39,44.2,1,29,1,6,0
57,68.42,1,24,3,1,0
69,60.86,2,43,5,9,0
42,104.98,1,25,6,1,1
32,93.86,1,33,1,7,0
8,82.38,2,59,3,4,1
57,73.64,1,69,3,8,0
66,79.83,3,61,5,4,0
51,48.45,1,38,2,1,1
63,91.43,2,69,3,10,0
63,42.2,2,43,6,8,0
58,90.88,2,29,3,1,1
37,99.65,2,65,5,1,1
8,75.27,3,50,4,6,1
1,65.59,3,41,4,10,1
15,80.01,2,59,2,6,0
32,15.0,3,63,6,1,1
54,77.56,4,32,2,7,1
33,67.17,2,25,6,5,0
2,68.73,2,50,6,7,1
16,87.66,1,21,4,4,1
71,68.13,2,58,6,1,0
72,41.49,1,45,5,1,0
28,66.46,1,31,5,7,0
58,71.69,4,55,1,7,1
52,72.87,3,41,1,4,1
68,74.05,1,42,1,1,0
64,95.98,1,31,1,8,0
46,42.85,1,60,6,2,0
29,74.39,3,74,2,2,1
46,102.25,4,56,1,5,1
23,26.63,0,32,6,8,0
26,74.49,4,70,2,10,0
44,55.37,2,25,5,7,0
42,60.73,0,36,6,10,0
42,47.38,3,20,4,7,0
28,65.76,4,71,6,9,0
30,116.03,4,20,6,2,1
1,38.39,1,52,1,1,1
44,40.76,0,30,1,7,0
42,37.45,3,31,3,10,0
68,113.19,2,56,4,8,0
37,58.44,5,68,5,4,1
34,69.36,1,19,2,5,0
5,59.93,4,27,2,2,1
15,46.39,3,36,2,4,1
25,64.12,1,77,2,7,0
28,131.46,2,21,6,2,1
27,104.8,1,29,3,5,1
29,48.68,3,43,6,3,1
56,86.19,3,38,1,5,1
10,49.21,0,21,1,8,0
24,25.59,4,52,5,9,0
12,95.49,1,56,2,5,1
23,99.0,1,29,1,9,0
50,96.15,1,61,4,8,0
4,58.25,3,21,1,10,0
25,65.83,3,64,1,8,1
2,88.74,1,34,3,6,1
69,79.79,5,32,4,7,0
53,60.16,2,30,4,4,0
18,29.52,2,72,4,7,0
15,72.85,1,49,1,8,1
8,96.98,3,61,2,7,1
35,40.06,2,30,3,2,1
55,85.97,1,21,2,6,0
43,78.29,1,20,4,8,0
64,88.75,2,45,2,2,1
25,91.8,3,38,4,8,1
21,52.64,3,66,6,9,0
35,29.58,0,67,4,6,0
15,56.66,2,37,3,10,0
71,92.23,1,45,3,9,0
14,56.45,1,42,4,5,1
35,52.65,5,60,5,9,0
38,24.47,0,57,2,10,0
5,113.82,1,59,1,2,1
34,90.64,3,21,5,10,0
33,89.25,1,39,4,1,1
19,94.19,1,78,1,5,1
10,84.42,3,39,4,10,1
4,63.89,3,28,1,8,1
1,65.91,1,30,4,3,1
35,59.31,1,19,5,7,0
7,135.87,2,67,1,3,1
70,83.9,2,18,5,3,0
18,58.4,2,55,1,10,0
47,81.64,3,43,2,1,1
49,44.73,0,23,5,10,0
36,107.61,0,73,3,5,1
64,53.47,3,64,6,1,1
8,82.53,3,69,6,8,1
17,96.65,2,77,6,1,1
19,79.62,3,75,1,4,1
10,72.36,1,62,2,3,1
22,70.27,2,51,2,8,0
23,68.59,2,61,4,4,1
56,55.58,3,46,3,7,0
22,58.76,3,29,5,1,1
64,106.99,1,42,2,7,0
56,67.29,1,47,2,8,0
65,50.36,3,20,4,3,0
8,57.09,3,71,4,9,1
71,97.51,1,75,5,5,0
45,86.89,5,44,2,7,1
71,84.01,1,49,4,2,0
26,63.56,3,70,6,10,0
69,84.33,5,46,4,3,1
43,53.91,1,61,6,7,0
6,63.51,4,50,3,1,1
30,94.25,4,35,1,1,1
10,91.86,2,68,5,2,1
68,45.45,2,30,3,10,0
22,48.61,0,32,1,3,1
17,72.72,5,61,1,9,1
40,113.15,2,62,2,6,1
31,22.11,1,78,2,1,0
7,76.96,2,62,5,5,1
59,35.6,2,19,4,5,0
61,54.14,2,71,2,3,0
54,60.89,2,44,1,7,0
45,59.49,0,18,1,9,0
29,56.66,6,54,6,9,1
40,70.18,3,28,3,6,0
38,56.62,2,44,1,9,0
12,33.44,3,47,5,10,0
6,89.5,1,22,6,1,1
19,88.82,2,71,1,7,1
33,91.08,1,50,6,8,0
12,31.48,2,78,5,1,1
8,77.47,3,47,2,7,1
62,86.9,2,55,5,10,0
27,44.22,4,69,3,3,1
43,70.23,2,31,4,9,0
38,67.09,0,75,1,10,0
53,116.05,0,29,2,7,0
54,118.11,1,80,5,7,0
22,28.39,2,58,5,6,0
62,132.35,2,50,1,5,1
27,47.12,2,31,2,5,1
61,94.52,3,53,4,6,0
30,94.26,2,52,6,5,1
8,45.11,0,79,5,9,0
55,82.33,3,70,5,8,0
3,67.31,1,48,3,4,1
56,83.86,3,42,1,6,1
4,75.77,1,42,5,3,1
15,99.91,3,41,5,2,1
44,71.88,0,18,3,4,0
68,65.8,1,20,4,1,0
30,97.4,1,65,2,9,0
9,84.51,0,34,3,2,1
17,88.3,2,43,2,4,1
65,53.39,4,61,3,3,1
53,43.87,5,56,1,3,1
8,55.81,3,40,4,4,1
28,54.48,1,65,2,8,0
20,89.65,2,27,5,9,0
13,94.4,3,47,4,2,1
61,66.12,6,24,6,3,1
45,105.77,0,51,2,5,0
13,104.21,2,23,2,4,1
47,76.08,2,77,2,8,0
30,49.45,0,59,4,3,1
5,109.38,2,33,1,5,1
33,68.47,3,56,5,6,0
14,73.15,0,40,5,4,1
18,61.51,2,50,5,7,1
64,47.76,4,28,1,8,0
52,33.28,1,49,3,6,0
10,85.82,3,24,4,5,1
62,50.41,2,27,3,10,0
42,146.49,1,54,3,10,0
63,42.85,2,49,5,10,0
54,38.57,0,36,6,1,0
25,82.75,3,21,2,9,1
39,108.23,3,44,2,9,1
39,71.61,2,76,2,9,0
52,84.31,2,62,3,8,0
18,23.91,3,21,4,4,1
24,53.06,1,77,5,8,0
18,43.16,1,44,2,6,0
22,22.62,2,54,2,9,0
12,72.92,2,18,1,4,1
3,15.0,1,37,1,8,0
68,36.95,2,67,1,8,0
6,56.57,2,38,2,9,0
64,49.22,2,28,5,2,0
1,79.91,1,23,5,9,0
56,77.64,1,76,6,3,0
24,92.34,2,69,4,10,0
38,88.81,3,20,3,1,1
21,98.52,3,76,6,3,1
36,69.95,1,69,1,7,0
33,77.59,2,40,4,6,1
39,82.79,0,59,5,7,0
29,73.54,5,34,4,5,1
39,60.07,3,33,2,1,1
60,61.69,0,63,4,7,0
32,49.56,2,30,6,6,0
27,80.54,3,40,2,6,1
10,67.65,0,40,4,4,1
26,53.42,2,27,1,9,0
10,53.44,1,70,2,8,0
14,39.74,0,60,5,2,0
69,94.47,2,72,3,1,1
7,71.97,2,51,2,2,1
35,48.43,0,29,3,1,0
61,90.21,0,35,1,8,0
69,55.99,0,40,5,7,0
11,34.84,2,77,6,5,0
12,95.53,2,32,1,6,1
27,56.57,0,61,2,9,0
40,59.78,1,25,6,9,0
70,71.03,1,78,6,5,0
15,98.56,4,58,5,6,1
12,70.5,3,45,5,6,1
19,40.02,1,39,6,10,0
63,83.6,2,40,3,8,0
3,57.88,2,32,6,4,1
28,117.2,3,55,6,9,1
9,69.97,1,72,2,4,1
12,15.0,3,33,1,8,0
67,78.93,4,65,4,10,0
1,118.61,2,53,5,9,1
24,109.4,1,66,6,2,1
66,115.77,1,66,1,3,1
44,44.51,1,20,3,8,0
6,92.8,0,19,5,2,1
34,51.95,2,75,1,1,1
70,75.61,4,27,5,3,1
29,38.18,0,54,2,5,0
39,53.89,4,65,1,2,1
39,53.09,3,49,2,2,1
48,92.46,1,18,5,4,0
14,90.02,3,18,6,6,1
61,76.92,2,60,1,6,0
72,36.24,5,74,3,8,0
11,62.21,3,39,2,10,1
59,51.35,1,52,5,1,1
59,91.74,1,76,5,7,0
54,99.45,2,69,6,2,1
27,96.41,0,52,3,4,1
34,51.12,8,59,2,4,1
61,15.0,5,78,2,8,0
12,25.83,6,68,5,3,1
60,105.54,1,44,3,9,0
67,59.97,1,61,1,4,0
50,51.23,2,38,6,9,0
25,111.07,2,76,1,10,1
41,101.63,1,23,6,6,0
4,70.61,1,32,1,2,1
68,62.66,4,39,4,8,0
25,66.7,3,30,2,5,1
5,75.68,1,55,5,4,1
58,110.0,1,62,3,5,1
48,80.56,3,74,3,3,1
45,88.15,1,49,3,3,1
4,99.23,2,57,6,10,0
55,40.76,1,55,2,3,0
46,88.87,2,18,2,5,0
58,62.64,2,62,1,8,0
60,15.0,1,19,5,3,0
16,16.8,3,52,5,7,0
16,44.55,4,80,4,9,1
67,83.28,1,67,1,9,0
39,72.84,0,49,5,1,0
32,74.61,2,38,5,5,0
21,118.77,3,70,6,1,1
47,38.27,1,72,6,7,0
55,69.31,1,41,2,4,0
1,77.61,1,24,5,9,1
40,51.59,2,54,3,2,1
72,70.71,2,57,4,9,0
21,30.0,3,76,2,4,1
21,105.25,2,74,4,10,1
