age,annual_income,spending_score,visits_per_month,avg_basket_value,bought_groceries,bought_electronics,bought_clothing,bought_home,bought_toys,bought_beauty,segment
22,30069,41,1.8,37.3,1,1,0,0,1,1,0
40,111909,69,3.6,177.31,1,1,0,1,0,1,2
25,24353,47,1.8,17.57,0,0,1,0,0,0,0
35,58322,67,5.7,93.75,1,1,0,1,1,0,1
31,33653,39,2.7,37.42,0,0,0,0,0,1,0
46,112044,70,2.6,207.54,1,1,1,1,0,1,2
30,19350,23,1.2,15.55,0,0,0,0,0,1,0
30,21107,35,1.0,15.56,1,0,1,0,0,1,0
23,35141,29,2.2,22.0,0,0,0,0,0,0,0
26,32638,41,0.9,14.39,1,0,1,0,0,1,0
43,32567,17,2.5,23.29,1,0,1,0,1,1,0
48,50064,59,6.1,100.74,1,0,1,1,1,0,1
43,112278,76,2.5,147.06,0,1,0,1,0,1,2
23,30553,34,2.3,18.92,1,0,1,0,0,0,0
45,109547,73,3.5,148.14,1,0,0,0,0,0,2
32,61865,48,6.5,68.56,1,1,0,1,1,0,1
27,36636,25,3.2,34.97,0,0,1,0,0,1,0
45,67410,50,8.0,97.01,1,0,0,0,1,0,1
29,69234,58,6.4,91.46,1,0,1,0,1,0,1
26,25066,39,1.4,30.3,1,1,1,0,0,0,0
21,28216,30,1.8,42.84,1,1,0,0,0,0,0
53,106922,81,4.8,168.35,0,1,1,1,0,1,2
48,130360,87,1.8,209.1,1,1,1,1,1,1,2
45,61152,44,6.3,82.82,1,0,1,0,1,0,1
52,41374,61,7.5,98.63,1,1,0,0,1,0,1
46,78213,47,7.1,74.88,1,0,0,1,1,1,1
39,39067,48,2.0,20.6,1,0,1,0,0,1,0
55,117786,92,1.0,137.16,1,1,1,1,0,0,2
59,127382,79,4.4,163.79,1,1,0,1,0,0,2
48,54059,55,5.5,79.37,1,1,0,1,1,1,1
27,29576,27,1.1,32.7,0,0,1,0,0,0,0
44,126307,84,4.6,178.21,0,1,1,1,0,1,2
19,31450,39,3.2,30.7,0,0,1,0,0,1,0
51,51706,59,4.6,88.18,1,0,0,1,0,0,1
59,104011,73,3.8,199.47,1,1,0,0,0,0,2
45,109455,72,3.8,169.96,1,1,0,1,0,1,2
27,34505,30,1.5,31.26,0,0,1,0,0,0,0
48,52816,58,4.4,97.58,1,0,0,0,0,0,1
46,76545,60,6.1,101.36,1,0,1,0,1,1,1
26,32790,37,2.7,29.11,1,0,1,0,0,1,0
31,23649,32,1.9,21.42,0,0,1,0,0,0,0
25,25281,32,2.0,33.97,1,1,1,0,0,1,0
40,63855,64,7.7,67.52,1,1,1,0,1,1,1
48,119319,74,5.5,180.4,1,1,0,1,1,1,2
54,117218,87,4.4,178.86,1,1,1,0,1,1,2
48,130747,100,3.3,179.23,0,1,1,1,0,1,2
33,32068,37,2.1,18.18,1,0,0,0,0,0,0
48,56493,56,6.6,80.65,1,0,0,0,1,1,1
36,53553,61,5.6,91.06,1,0,0,1,1,0,1
52,112116,63,5.2,136.64,1,1,1,1,1,1,2
43,71922,67,6.7,47.81,1,0,1,1,1,0,1
47,72756,53,7.7,104.32,1,0,1,0,1,0,1
38,60258,50,6.9,106.64,1,0,1,1,1,0,1
30,15540,37,0.9,28.6,0,0,1,0,0,1,0
37,23949,42,1.7,37.13,0,0,1,0,0,1,0
26,29483,31,1.8,35.09,0,0,1,0,0,1,0
32,23581,41,1.6,30.26,1,0,1,0,0,1,0
43,65039,48,5.6,71.15,1,0,0,1,1,0,1
44,80089,46,6.4,98.08,1,0,1,0,1,0,1
41,57514,36,5.4,96.33,1,0,0,0,1,1,1
29,39697,32,2.2,33.36,0,0,1,0,0,0,0
37,71472,52,3.8,95.38,1,0,1,1,1,0,1
44,124267,71,4.1,243.55,1,1,0,1,0,1,2
30,71014,57,6.0,119.86,1,0,1,1,1,1,1
24,26643,32,3.0,24.93,1,0,1,0,0,0,0
28,18055,43,2.8,29.6,1,0,1,0,0,1,0
47,106538,83,3.9,174.31,0,1,0,1,0,0,2
42,48028,51,4.4,73.57,1,0,0,0,1,1,1
44,77126,44,7.0,76.45,1,1,0,0,1,1,1
43,63676,60,6.1,83.66,1,0,0,0,0,1,1
48,108447,84,5.2,196.86,1,1,1,1,0,1,2
52,64154,56,6.5,101.3,1,1,0,1,0,1,1
43,90606,71,4.2,203.05,0,1,1,0,1,1,2
29,66674,58,6.4,82.25,1,0,1,0,1,0,1
30,26797,41,2.8,28.75,0,0,1,0,0,0,0
47,149167,81,2.9,175.81,1,1,0,1,1,0,2
47,64425,55,5.2,105.59,1,0,0,1,1,0,1
43,63211,62,7.0,76.99,0,0,0,0,1,0,1
20,29085,21,3.3,32.99,0,0,1,1,0,0,0
38,102704,79,4.2,147.64,0,1,0,1,1,1,2
43,81031,51,4.0,87.07,1,0,0,0,1,0,1
22,33715,35,1.3,24.81,1,0,1,0,0,1,0
46,64551,53,4.5,90.12,1,0,0,0,1,0,1
26,25538,22,1.8,18.31,0,0,1,0,0,1,0
40,103915,98,3.5,158.14,0,1,1,1,0,1,2
48,102083,96,3.0,179.87,0,1,1,0,0,0,2
33,62534,65,6.3,98.47,1,1,1,0,1,0,1
39,58458,54,6.5,92.55,1,0,1,0,1,0,1
27,35387,37,2.3,32.77,0,0,0,0,0,0,0
47,62132,47,4.3,102.2,1,1,1,1,1,0,1
39,64650,43,5.6,99.08,1,1,1,1,1,0,1
45,64110,67,5.9,77.9,1,0,0,1,1,0,1
45,104101,82,3.5,129.26,0,1,1,1,0,0,2
46,100994,93,3.8,155.1,1,1,0,1,0,1,2
53,115051,72,5.1,165.61,0,1,0,1,0,0,2
28,68622,66,7.3,78.99,0,0,0,1,1,0,1
26,28769,54,2.9,20.2,1,0,1,0,0,1,0
31,19012,43,3.3,29.82,0,0,0,0,0,0,0
47,105084,78,3.9,105.94,1,1,1,1,0,1,2
45,131867,85,3.5,143.14,1,1,1,0,0,1,2
44,58027,54,6.5,56.39,1,0,1,0,0,0,1
44,49391,50,7.4,99.63,1,0,0,1,1,1,1
46,56573,48,3.4,109.81,1,0,0,0,0,0,1
54,86760,60,3.6,106.28,1,1,0,0,1,0,1
55,118735,55,3.4,174.41,0,1,0,1,0,1,2
37,30789,34,1.9,32.37,1,0,1,1,0,0,0
51,121928,76,4.1,174.46,0,1,1,1,0,0,2
18,12213,45,1.1,20.35,0,0,1,0,0,1,0
58,99195,93,3.5,172.98,0,1,0,0,1,1,2
26,28283,39,2.6,20.66,0,0,0,0,0,1,0
45,100471,82,4.5,177.94,0,1,1,0,0,1,2
48,86304,64,2.8,137.68,0,1,1,1,0,1,2
42,121104,94,3.0,138.46,1,0,0,1,0,1,2
49,90197,47,5.3,89.37,1,1,0,0,1,1,1
55,120892,77,5.4,181.27,1,1,0,1,1,1,2
53,67539,54,6.7,79.53,1,0,0,1,0,1,1
61,111860,57,4.7,179.4,0,1,0,0,1,1,2
39,107440,73,3.5,192.78,0,1,1,1,0,1,2
21,34561,16,2.6,12.4,1,0,1,0,0,0,0
55,107204,100,4.1,185.82,1,1,1,1,1,0,2
36,60077,49,8.5,85.2,1,0,0,0,1,1,1
27,22314,33,3.5,22.17,1,0,1,0,0,1,0
33,20634,33,3.2,21.65,0,0,1,0,0,0,0
48,57969,73,5.3,98.36,1,0,1,1,1,0,1
48,105349,78,4.0,140.34,1,1,1,1,0,1,2
31,39626,38,0.9,27.91,0,0,0,0,0,1,0
33,34436,42,1.3,25.32,0,0,1,0,0,1,0
45,77716,78,2.7,202.37,0,1,1,1,0,0,2
32,64230,47,4.1,113.19,1,1,0,1,1,0,1
23,31972,45,2.8,28.42,0,0,1,0,1,1,0
38,43992,40,4.7,93.79,1,0,0,0,1,0,1
47,104932,95,3.8,185.18,0,0,1,1,0,1,2
46,65417,61,6.5,86.46,1,0,0,0,1,1,1
32,38889,21,0.9,24.08,1,0,1,1,0,0,0
41,99212,75,4.9,212.47,0,1,0,1,0,0,2
29,31494,31,2.8,24.82,0,0,1,0,1,1,0
42,101898,82,3.8,219.19,0,1,0,1,0,0,2
54,113354,86,4.2,182.27,1,1,1,1,0,1,2
42,76694,55,6.6,86.46,1,0,0,1,1,0,1
25,33825,28,3.0,24.33,1,0,1,0,0,0,0
26,32310,32,2.1,22.4,0,0,1,0,0,1,0
28,38856,32,0.0,12.52,1,0,0,0,0,0,0
45,108434,79,4.2,216.88,0,0,1,1,0,1,2
41,68269,51,6.1,116.78,1,0,1,0,1,1,1
60,106997,85,4.4,184.61,1,1,0,1,0,1,2
30,21271,19,0.7,23.7,1,0,1,0,0,1,0
45,115172,75,2.8,156.18,0,1,0,1,0,1,2
23,27248,21,2.0,28.02,0,0,1,0,0,1,0
29,56842,34,4.2,95.73,0,0,0,0,1,0,1
24,23918,20,3.3,25.69,0,0,1,0,1,0,0
26,33825,55,2.4,16.02,1,0,1,0,0,0,0
56,108111,74,4.5,173.4,1,1,0,1,0,0,2
40,55095,47,6.4,92.68,1,1,0,1,1,0,1
47,48328,62,6.4,91.51,0,1,1,0,0,0,1
36,53099,49,7.5,85.61,1,1,0,1,1,1,1
19,22221,40,2.3,22.22,0,0,1,0,0,1,0
29,17979,38,1.7,37.96,1,0,0,0,0,0,0
38,82762,57,5.5,95.44,1,0,1,0,1,1,1
35,47919,58,5.4,97.69,1,0,1,1,1,1,1
26,20386,45,2.2,8.89,0,0,1,0,1,1,0
38,67781,49,6.0,90.89,1,1,1,0,1,1,1
53,133197,76,5.0,162.65,0,1,1,1,0,1,2
49,94609,92,2.2,142.18,1,1,0,1,0,0,2
47,74469,60,4.6,91.12,1,1,0,1,1,0,1
33,62462,62,5.8,75.83,1,0,0,0,1,0,1
45,70691,60,6.6,101.81,0,1,1,1,1,0,1
21,23683,39,3.6,19.61,1,0,0,0,0,0,0
26,36411,40,1.4,19.2,0,0,1,0,0,1,0
51,121390,84,3.8,191.86,1,1,0,1,0,0,2
44,77483,47,5.5,95.83,1,0,1,0,1,0,1
34,55787,47,6.5,115.41,1,1,0,0,1,1,1
42,71542,47,7.4,103.63,1,1,0,1,0,0,1
23,31375,27,2.1,19.71,0,0,1,0,0,1,0
52,70373,59,8.5,109.46,1,1,0,1,1,0,1
37,63474,57,4.8,89.28,1,0,0,0,0,0,1
52,95270,87,3.4,192.15,0,1,1,1,0,1,2
44,64209,83,3.4,88.32,1,1,1,0,1,0,1
41,105840,78,4.1,168.39,1,1,1,1,0,1,2
26,34385,31,3.5,29.19,1,0,1,0,0,1,0
22,20392,32,2.3,25.48,1,0,0,0,0,1,0
32,37064,27,1.4,32.09,1,0,1,0,0,0,0
42,59860,69,4.0,57.71,1,0,0,0,1,1,1
39,28480,36,2.0,23.85,1,0,1,0,1,1,0
62,104383,70,3.8,133.5,0,1,0,1,0,1,2
37,72658,60,6.6,77.74,1,0,1,0,1,1,1
48,65824,50,6.7,116.77,1,0,1,1,0,0,1
36,29585,32,1.7,13.12,1,0,1,0,0,0,0
27,22666,28,3.2,20.07,1,0,0,1,0,0,0
40,52962,57,5.1,95.84,1,0,1,0,1,1,1
30,26890,16,2.1,29.53,1,0,1,0,0,1,0
25,31397,38,3.1,19.97,0,0,0,0,0,1,0
43,59301,58,7.7,84.7,1,1,0,0,1,0,1
34,54346,59,7.3,94.52,1,1,0,1,1,0,1
60,106202,91,3.1,147.22,0,1,0,1,0,1,2
42,75715,61,6.8,94.35,1,0,0,0,1,0,1
25,37857,40,0.8,7.64,1,0,1,0,0,1,0
55,121142,72,4.5,118.61,0,1,1,1,0,0,2
36,67136,56,5.9,73.4,0,0,1,0,1,0,1
58,75820,73,2.7,176.06,0,0,1,1,0,1,2
39,77152,48,6.5,83.12,1,1,0,0,1,1,1
45,88089,81,4.3,164.21,0,1,0,1,1,0,2
50,63400,58,6.6,123.63,1,1,1,0,1,0,1
33,119456,77,5.0,194.15,0,1,0,1,0,0,2
29,22940,45,1.7,32.02,1,0,1,0,0,1,0
48,106550,85,4.4,174.29,0,1,1,1,0,1,2
46,63014,49,5.2,62.81,1,0,0,0,1,0,1
32,67954,58,7.9,74.16,1,0,1,0,1,0,1
39,101608,76,4.9,205.55,0,1,0,1,0,0,2
62,132433,68,4.0,200.29,1,1,0,1,0,0,2
47,122196,90,3.3,243.67,0,0,0,1,1,1,2
39,82239,63,7.3,96.94,1,0,1,0,0,1,1
34,70313,50,5.3,79.58,1,0,1,0,1,0,1
38,76042,44,5.2,79.44,1,0,0,0,1,0,1
43,115397,59,3.4,157.41,0,1,0,0,1,0,2
40,61700,54,6.4,77.47,1,0,1,1,1,0,1
33,70105,57,6.5,94.67,1,0,0,0,1,1,1
38,60608,73,6.2,42.85,1,0,1,0,0,1,1
35,40928,32,1.8,20.02,1,0,1,0,0,1,0
26,37800,39,1.0,17.96,0,0,0,0,0,0,0
35,57964,56,6.0,81.74,1,1,0,1,1,0,1
37,30961,44,3.2,28.73,1,0,1,0,1,1,0
49,48325,37,5.9,91.37,1,0,0,1,1,1,1
37,47551,53,5.0,93.6,1,0,1,0,1,0,1
34,31181,33,1.4,8.32,1,0,1,0,0,1,0
27,21030,35,3.0,13.72,0,0,1,0,1,1,0
56,80311,76,4.5,173.47,1,0,0,0,0,1,2
36,78939,55,7.5,94.4,1,0,0,0,1,1,1
63,106066,71,3.8,121.37,1,1,0,1,0,1,2
47,59173,61,5.1,75.5,1,0,1,1,1,0,1
52,63471,68,4.4,80.75,1,0,1,0,1,0,1
40,65717,61,4.8,101.41,1,1,0,0,1,0,1
47,84727,79,3.5,160.68,1,1,0,0,0,0,2
39,65706,58,4.3,96.47,1,1,1,0,1,1,1
32,35183,45,1.9,28.36,1,0,0,0,0,0,0
27,29477,37,2.6,36.74,0,0,1,0,0,1,0
33,61045,53,4.1,51.59,0,0,0,0,1,0,1
34,67727,50,5.6,98.5,1,1,0,0,1,0,1
29,29042,24,4.0,14.71,1,0,1,0,0,1,0
26,31998,40,2.1,21.72,0,0,1,0,0,1,0
47,81424,63,6.9,80.26,1,0,1,0,1,1,1
47,124961,86,2.1,218.33,1,1,1,1,0,1,2
51,56293,63,5.9,87.66,0,0,0,1,1,0,1
46,87435,42,5.0,69.4,0,0,1,0,0,0,1
46,57892,50,6.5,103.03,1,0,0,1,1,0,1
40,69415,58,5.9,126.4,1,1,0,0,1,1,1
39,53959,45,5.8,118.36,1,0,0,0,1,0,1
41,60564,61,7.9,81.11,1,1,0,0,1,1,1
33,69740,57,4.7,114.63,1,0,0,1,1,0,1
58,116277,63,5.8,182.97,1,1,0,1,0,1,2
43,57049,46,9.9,87.93,0,1,0,1,1,0,1
37,72797,54,7.7,74.24,1,0,1,0,1,0,1
47,88363,68,4.1,187.37,0,1,1,1,0,1,2
60,106983,77,3.4,172.75,0,1,0,1,0,0,2
28,30597,37,1.1,12.46,0,0,1,0,0,1,0
60,127253,86,4.9,195.86,0,1,0,1,0,1,2
26,27254,34,2.4,23.26,1,0,1,0,0,1,0
33,36688,32,1.2,32.33,1,0,1,0,0,1,0
21,24667,40,0.9,27.86,0,0,1,0,1,1,0
44,65093,66,5.7,102.82,1,1,1,0,1,1,1
53,82914,71,3.5,129.99,1,1,0,1,0,0,2
41,51704,55,6.0,90.32,1,0,1,0,1,1,1
39,49999,54,4.9,89.12,0,0,1,0,1,0,1
27,19015,33,2.4,27.16,1,0,0,0,0,0,0
50,71312,51,4.6,66.52,0,1,1,0,1,1,1
34,62256,59,5.8,81.59,0,0,1,1,1,0,1
48,71754,37,6.9,78.19,1,1,1,1,0,0,1
58,101214,86,3.6,196.62,0,0,0,1,0,0,2
42,138310,86,2.9,185.59,1,1,0,1,0,0,2
48,114504,84,2.5,178.54,0,1,1,1,1,1,2
19,23062,43,2.7,29.51,1,1,1,0,0,1,0
56,93998,88,4.9,196.87,0,1,1,1,1,1,2
58,105009,79,4.4,194.01,1,1,0,1,1,0,2
29,26876,30,1.0,27.58,1,0,1,0,0,1,0
26,28294,37,1.8,28.24,0,0,1,0,0,0,0
45,118840,70,3.8,231.89,1,1,0,1,0,0,2
32,58378,45,8.2,63.6,1,0,0,1,1,0,1
34,132373,92,4.0,132.07,0,1,0,1,0,1,2
58,128221,70,3.7,213.46,0,1,1,1,1,1,2
31,16139,38,2.7,26.36,1,0,1,0,0,1,0
50,123516,82,4.6,168.15,0,1,1,1,0,1,2
29,38599,34,1.9,5.0,1,0,1,0,1,0,0
42,127718,78,4.0,227.36,1,1,1,0,0,0,2
42,100076,80,3.3,165.66,0,1,0,1,0,0,2
27,35066,14,2.0,29.75,1,0,1,0,0,0,0
21,32848,35,2.2,16.4,0,0,1,0,0,0,0
43,71427,44,5.9,132.86,1,0,1,0,1,0,1
54,50713,56,3.6,112.79,1,0,1,0,1,0,1
23,26370,36,2.0,39.88,0,0,1,0,0,1,0
32,23296,38,1.5,21.96,1,0,1,1,0,0,0
30,22968,27,1.8,29.48,1,0,1,0,0,0,0
43,61003,57,6.4,65.66,1,1,0,1,1,0,1
35,32724,38,2.1,28.7,1,0,1,0,0,1,0
30,59525,45,4.7,79.82,1,1,1,1,1,0,1
48,99113,95,7.1,140.64,1,1,1,1,0,0,2
49,90610,81,2.4,179.6,1,1,0,1,0,1,2
41,62128,60,5.9,101.89,1,1,1,0,1,1,1
30,28865,43,1.2,18.62,0,0,1,1,0,0,0
22,31112,46,0.7,12.16,0,0,1,0,0,0,0
29,27993,41,1.8,19.3,1,0,1,1,0,1,0
40,65774,66,6.1,87.18,1,1,0,1,1,1,1
40,50997,56,6.0,105.87,1,0,0,0,1,0,1
30,35051,24,2.5,27.98,1,0,1,1,1,0,0
48,113085,81,5.4,176.14,1,1,0,1,0,1,2
39,61611,60,7.5,94.85,1,0,0,0,1,0,1
61,115696,80,4.7,187.45,0,1,0,1,0,1,2
26,21139,42,1.3,43.48,1,0,1,0,0,1,0
24,20605,29,1.9,26.9,0,0,1,0,0,0,0
27,24179,31,2.4,23.26,1,0,0,0,0,1,0
48,89656,71,6.0,71.55,1,0,0,0,1,0,1
47,132168,69,5.3,159.83,0,1,0,1,0,0,2
31,29213,39,1.6,32.01,0,0,0,0,1,0,0
60,109380,77,4.2,157.73,0,0,0,1,1,0,2
41,64554,45,7.2,116.39,1,1,0,1,1,0,1
36,28978,37,1.7,25.75,1,0,0,0,0,0,0
31,31826,41,2.7,16.99,1,0,0,0,0,1,0
44,75339,49,5.8,81.25,1,0,0,1,1,0,1
32,18042,33,2.6,5.0,0,1,1,0,0,0,0
33,88638,65,5.8,64.4,1,0,1,0,1,0,1
27,31406,28,1.6,31.2,1,0,1,0,0,1,0
40,110663,79,2.7,145.29,0,1,0,1,0,1,2
43,60829,44,5.8,78.77,1,0,0,1,1,0,1
45,64415,56,3.4,127.81,1,0,1,0,1,0,1
26,40924,39,1.9,17.79,0,0,0,0,1,1,0
39,110016,86,1.6,178.06,1,0,1,0,0,0,2
37,58707,63,5.7,84.61,1,0,0,1,1,1,1
38,58331,57,5.1,89.19,0,1,0,0,1,0,1
31,35080,34,2.4,37.13,1,0,1,0,1,0,0
42,52751,50,6.5,105.67,1,0,0,0,1,0,1
62,118348,95,5.8,163.77,0,1,1,1,0,1,2
41,112848,74,5.6,196.58,1,0,1,1,0,1,2
30,35401,29,1.2,32.91,0,0,0,0,1,0,0
41,121393,73,3.3,205.79,1,1,0,0,0,0,2
48,106451,80,3.3,171.22,0,1,0,1,1,1,2
51,106447,66,4.8,199.46,1,1,0,1,0,0,2
49,68134,57,8.1,85.67,1,1,1,0,0,0,1
32,35938,30,3.1,15.44,0,0,1,0,0,1,0
42,101385,77,3.6,190.04,0,1,0,1,0,1,2
45,72255,75,5.7,114.02,0,1,0,1,1,0,1
26,22490,31,2.6,31.37,1,0,1,0,0,1,0
26,32300,35,2.1,25.78,1,1,0,0,0,1,0
28,31572,41,1.9,24.89,0,0,1,0,0,1,0
26,41984,37,0.9,18.52,1,0,1,0,0,0,0
44,83199,62,6.5,72.19,0,1,0,0,1,0,1
49,118547,67,1.6,216.47,0,1,0,1,1,1,2
28,40464,24,2.4,23.51,1,0,0,0,0,0,0
26,30549,49,2.3,22.46,0,1,1,0,0,0,0
45,67310,74,5.5,79.84,1,0,0,1,1,0,1
51,131616,83,4.4,215.75,1,1,0,1,0,0,2
23,28852,18,1.8,36.21,1,1,0,0,0,1,0
42,76088,61,6.9,76.4,1,1,1,0,1,0,1
50,105512,94,4.2,205.63,0,1,1,1,0,1,2
48,134729,82,3.4,186.71,0,1,0,0,0,1,2
43,71500,46,4.9,78.85,1,0,0,0,1,1,1
35,60708,73,6.2,106.61,1,1,1,0,1,1,1
43,129086,84,4.0,144.91,1,1,0,1,0,0,2
36,36383,26,3.1,29.45,1,0,1,0,0,1,0
44,109175,70,3.2,213.63,0,0,0,1,0,0,2
42,62496,64,3.1,83.52,1,0,0,0,1,1,1
38,60965,44,5.4,109.32,1,0,1,1,1,0,1
24,17562,40,2.9,31.9,0,0,1,0,0,0,0
43,34241,29,2.8,22.55,0,0,1,0,0,1,0
42,120596,79,4.7,129.22,1,1,1,0,1,1,2
47,85923,83,3.8,197.25,0,1,0,1,0,0,2
29,33325,42,1.2,20.01,0,0,0,0,1,1,0
21,34497,35,0.7,28.23,1,0,1,0,0,1,0
41,69139,51,5.8,101.98,1,0,1,1,1,0,1
41,68573,60,5.5,80.68,1,1,1,0,1,0,1
23,33127,43,2.0,22.99,1,0,1,0,0,0,0
28,28291,33,1.2,29.52,0,0,0,0,0,1,0
40,65725,69,6.3,80.01,0,0,1,1,1,0,1
26,27169,43,3.4,21.84,0,0,1,0,0,1,0
58,88180,72,3.9,197.86,1,1,1,0,0,1,2
30,21523,32,1.6,31.59,1,0,1,0,0,0,0
43,77565,58,6.4,82.5,1,1,1,1,1,1,1
57,90058,94,3.8,217.09,0,1,1,0,0,1,2
57,97700,71,4.7,190.34,0,1,0,1,0,1,2
50,114108,85,3.9,167.59,0,1,1,1,0,1,2
45,67408,59,7.7,96.4,0,0,0,0,1,1,1
40,58412,50,5.0,114.55,1,0,0,1,1,0,1
20,34212,28,1.9,27.06,0,0,1,0,0,0,0
32,32635,37,2.3,21.09,1,0,1,0,0,1,0
47,124854,72,5.0,129.1,1,1,0,1,0,0,2
29,32483,36,3.0,20.75,1,0,1,0,0,0,0
25,30432,51,2.4,38.47,1,0,0,0,0,0,0
39,81209,36,6.7,78.97,1,0,1,0,1,1,1
30,41623,31,2.4,35.63,1,0,1,0,1,1,0
48,111141,80,3.6,173.53,1,1,0,1,0,1,2
43,73846,52,5.9,100.88,1,0,1,1,0,1,1
49,103433,91,4.5,144.38,0,1,1,1,0,1,2
47,99673,76,4.9,133.75,0,1,0,1,1,1,2
27,30038,35,1.5,27.33,0,0,1,0,1,1,0
38,70320,52,5.1,103.0,1,0,1,1,1,1,1
61,106883,79,4.0,164.36,0,1,0,1,0,0,2
46,54068,44,6.5,92.69,1,0,0,1,1,1,1
29,23148,38,4.2,26.42,0,1,0,0,0,1,0
54,110793,74,3.3,183.43,0,1,0,1,0,1,2
46,98645,72,4.6,214.57,0,1,0,1,1,1,2
52,88978,77,3.7,242.08,0,1,0,0,0,0,2
44,77808,65,6.3,49.59,1,0,0,0,0,0,1
26,23806,38,3.2,25.73,1,0,1,1,0,1,0
35,62911,53,6.0,92.84,1,1,0,1,1,1,1
39,49026,50,3.6,93.61,1,0,1,1,1,0,1
45,113078,88,5.7,167.04,1,1,0,0,0,1,2
24,28221,25,2.9,13.98,0,0,0,0,0,1,0
33,28029,30,3.3,24.18,1,0,0,0,0,1,0
49,121396,92,4.6,146.73,1,0,0,1,1,0,2
30,25479,38,2.0,43.4,1,1,1,0,0,0,0
49,67528,55,9.6,98.86,1,0,0,1,1,0,1
42,58181,54,7.3,80.8,1,0,0,1,1,1,1
56,93315,76,4.7,161.51,1,1,0,1,0,0,2
38,62904,49,3.9,95.4,1,0,1,1,1,1,1
29,38015,26,1.4,28.12,1,0,1,0,0,1,0
40,61627,49,4.7,93.98,1,1,0,0,1,0,1
42,65416,57,5.1,73.41,0,0,1,0,1,0,1
39,68847,59,5.2,112.52,1,0,0,0,1,1,1
48,66829,52,5.6,74.24,1,1,1,0,0,0,1
48,55501,62,5.4,88.59,0,0,1,1,1,1,1
24,40394,39,1.1,27.38,1,0,1,0,1,1,0
22,33976,43,2.8,20.25,1,0,1,0,0,1,0
34,37027,37,2.1,28.29,0,0,1,1,0,1,0
47,62610,58,5.5,63.92,1,1,0,0,1,0,1
29,24674,47,2.0,23.32,1,0,1,0,0,0,0
53,112010,77,3.7,176.82,1,1,0,1,0,1,2
38,116053,85,3.5,135.71,0,1,0,0,1,1,2
48,90366,85,3.4,241.21,1,1,1,1,0,1,2
42,63459,41,6.3,95.42,0,1,0,0,1,1,1
48,78124,53,8.5,101.95,1,0,1,0,1,0,1
31,106693,90,3.2,149.27,0,1,1,1,0,1,2
46,62035,48,5.7,70.75,1,0,0,1,1,0,1
31,20985,38,2.4,21.07,0,0,1,0,0,1,0
27,36887,46,2.0,5.0,1,0,1,0,0,1,0
28,32756,17,3.1,7.97,0,0,0,1,0,1,0
50,58261,56,5.4,82.65,1,0,1,0,1,1,1
45,63722,48,6.4,72.9,1,0,0,0,1,0,1
46,97247,91,5.5,144.1,0,1,0,1,0,1,2
22,34286,26,2.0,31.22,0,0,0,0,0,0,0
30,29659,35,2.1,10.98,1,0,1,0,1,1,0
51,103984,80,5.2,175.14,0,1,0,1,0,1,2
40,63509,53,5.2,94.95,1,0,1,0,1,0,1
43,130738,88,4.8,135.08,0,1,0,1,0,1,2
26,42462,51,4.0,27.82,0,1,1,0,0,0,0
31,43966,38,1.2,25.19,1,0,1,0,0,0,0
52,122477,73,2.9,259.7,0,1,0,1,1,1,2
42,66650,63,6.4,84.63,1,1,0,0,1,1,1
22,37488,33,2.1,13.34,1,1,1,0,1,1,0
32,31214,31,2.7,30.2,1,0,1,0,0,1,0
41,84291,49,4.0,85.62,1,0,0,0,1,0,1
21,24891,26,2.5,27.69,1,0,1,0,0,0,0
30,29592,27,0.5,34.0,1,0,0,0,0,0,0
36,84409,78,5.0,188.03,1,1,0,1,0,1,2
40,64426,47,4.3,89.24,1,1,0,0,0,1,1
18,26767,32,2.0,21.48,0,0,0,0,0,1,0
30,31658,31,1.8,41.03,1,1,1,0,0,0,0
50,120606,76,4.7,202.24,1,1,1,1,1,1,2
28,37966,40,1.8,28.01,0,1,0,0,0,1,0
30,27852,47,1.7,32.74,0,1,1,0,0,0,0
56,135648,71,4.3,198.88,0,1,1,1,0,0,2
27,39667,21,1.9,26.43,1,1,0,0,0,1,0
23,15634,50,1.9,15.02,1,0,1,0,0,1,0
30,40364,39,2.3,14.42,0,1,0,0,1,1,0
54,125473,72,3.7,166.47,1,1,0,1,0,1,2
37,113713,67,2.2,158.31,1,1,0,0,0,0,2
62,108716,92,4.9,155.39,0,1,1,1,1,1,2
36,56838,50,7.8,101.87,1,0,0,0,1,0,1
41,72553,58,4.8,106.19,1,1,0,1,1,0,1
35,34822,37,0.3,27.34,0,0,0,1,0,1,0
34,28485,34,2.3,21.87,1,0,1,1,0,1,0
46,144917,80,3.2,191.31,1,1,1,0,0,0,2
29,36535,22,2.0,23.38,1,0,0,1,0,1,0
24,31549,45,1.8,30.24,1,0,1,0,0,0,0
58,129363,86,4.3,180.44,0,1,0,1,0,1,2
42,107957,76,3.4,211.76,1,1,0,1,0,1,2
35,31622,36,3.8,24.69,1,0,1,0,0,1,0
47,94337,78,2.9,203.88,0,1,1,1,0,0,2
36,31139,20,1.9,23.47,0,1,1,0,0,1,0
47,83491,66,6.1,89.37,1,0,1,1,1,0,1
57,109105,88,2.9,193.19,1,1,0,1,1,0,2
24,27943,36,1.4,16.74,1,0,1,1,0,1,0
54,89770,69,3.5,200.19,1,1,1,1,1,1,2
45,61326,63,5.3,75.2,1,1,0,0,1,0,1
38,117599,90,3.7,232.08,0,0,0,1,0,0,2
47,120443,72,4.0,229.51,0,1,0,1,0,1,2
31,59125,58,4.8,116.91,1,0,1,0,1,1,1
28,33291,30,1.7,13.58,1,0,1,0,1,0,0
55,98144,88,3.6,197.04,0,0,0,1,0,1,2
48,71531,55,7.3,94.47,1,0,0,0,1,0,1
42,54086,46,5.1,97.59,1,1,0,0,1,0,1
40,64348,45,5.1,103.3,1,0,0,0,1,0,1
38,58688,50,6.6,87.61,1,0,0,1,1,0,1
32,26453,40,2.3,21.7,1,0,0,0,0,1,0
41,59785,51,6.7,109.08,1,0,1,0,1,0,1
42,63457,58,7.5,89.88,1,1,1,1,1,0,1
42,49624,55,5.9,103.21,1,0,0,1,0,0,1
44,81654,52,4.8,88.82,0,1,0,0,1,0,1
27,32006,23,1.7,19.2,0,0,0,0,0,1,0
24,35613,34,3.0,39.9,0,0,1,0,0,1,0
50,127502,76,5.5,184.45,0,0,0,1,0,1,2
49,116834,76,3.6,169.19,1,1,0,1,0,1,2
26,34977,39,1.7,34.86,0,0,1,0,1,0,0
40,122568,67,4.3,177.3,0,1,1,1,1,0,2
33,29115,32,2.3,21.14,1,1,1,0,0,1,0
55,97455,75,4.2,139.08,0,1,1,1,0,1,2
25,25407,36,0.8,28.68,0,0,0,0,0,0,0
34,67536,50,7.0,89.94,1,1,0,1,1,0,1
26,28922,44,2.0,25.43,0,0,1,0,0,1,0
46,63393,52,6.3,74.13,1,1,1,0,1,0,1
46,71820,51,4.2,83.28,1,0,0,1,1,0,1
51,114096,79,4.2,170.36,1,1,1,1,1,0,2
50,111418,78,5.4,248.09,0,1,0,0,0,1,2
47,100899,95,3.6,172.15,0,1,0,0,0,0,2
28,24227,48,1.9,32.68,1,0,0,0,0,1,0
29,45586,25,3.1,36.79,0,0,0,0,0,1,0
42,54287,68,4.8,85.28,1,0,0,0,1,0,1
61,65631,42,7.7,79.48,1,1,0,0,1,0,1
58,128412,79,3.7,147.94,0,1,0,0,0,0,2
29,32300,28,2.4,24.13,1,0,1,0,0,1,0
32,24671,28,0.3,26.83,0,0,1,0,0,0,0
42,88661,79,4.4,209.87,0,1,1,0,0,1,2
29,32210,50,0.6,32.74,1,0,1,0,0,0,0
41,75724,52,7.5,102.14,1,0,0,0,1,0,1
60,140274,80,3.2,186.02,1,1,1,1,0,0,2
18,32172,27,2.6,28.51,0,0,1,1,0,1,0
43,61627,60,7.2,72.33,1,0,0,0,1,1,1
43,61135,59,5.4,94.78,0,0,0,1,1,0,1
48,133685,80,3.5,222.81,0,1,0,1,0,1,2
50,64445,65,8.8,93.44,1,1,0,0,1,1,1
28,22930,47,0.5,35.6,0,0,1,0,0,1,0
53,110628,92,3.2,169.43,1,1,1,1,1,1,2
49,95309,81,5.5,179.75,0,1,0,1,0,0,2
48,79654,72,3.6,108.42,1,1,1,1,0,1,2
40,69391,42,4.5,88.46,0,0,0,0,1,1,1
54,103106,79,5.0,212.7,1,1,1,1,0,1,2
24,36932,40,2.8,29.95,0,0,1,0,0,0,0
29,27964,37,2.2,27.92,0,0,1,0,0,0,0
22,29045,38,2.6,27.32,0,0,0,0,0,0,0
37,107133,71,4.4,210.83,0,1,1,1,1,1,2
52,100755,67,2.7,138.12,1,1,1,0,0,1,2
56,89276,89,2.7,175.18,1,1,0,1,0,1,2
47,91670,80,2.2,225.63,1,1,0,0,1,1,2
28,30416,49,0.9,40.3,0,0,1,0,0,0,0
28,24975,32,2.3,14.02,1,0,1,0,0,0,0
45,66432,65,6.3,84.77,1,0,0,0,1,0,1
23,25815,37,2.4,7.0,1,0,1,0,0,1,0
22,40325,41,2.0,12.29,1,0,1,1,0,1,0
48,83291,55,6.5,80.38,0,0,0,0,1,0,1
32,28158,35,2.1,24.09,1,0,0,0,0,0,0
37,68553,59,6.3,81.81,1,0,0,1,0,0,1
41,96315,68,3.6,202.92,1,1,0,1,0,0,2
37,36512,29,1.5,19.62,0,1,1,1,0,1,0
25,31187,25,1.2,39.69,1,0,1,0,0,1,0
38,73629,50,7.4,48.82,1,0,0,1,1,0,1
35,31338,35,2.2,34.81,1,0,1,0,0,1,0
39,77432,41,5.7,104.79,1,1,1,0,1,0,1
49,91946,78,4.2,153.05,1,1,1,1,0,1,2
54,94894,82,5.5,195.76,0,1,1,1,0,1,2
50,127993,84,5.6,209.85,0,0,1,1,0,1,2
61,92926,76,4.8,150.9,0,1,0,1,0,0,2
49,136413,79,2.5,229.32,0,0,0,0,0,1,2
39,68376,64,8.3,114.21,1,0,0,0,1,1,1
53,109323,88,5.2,140.4,0,1,1,1,1,1,2
29,17621,34,1.7,25.54,0,0,1,0,0,1,0
49,112955,76,2.3,156.59,0,1,0,1,0,1,2
33,24926,42,2.3,20.94,0,0,1,0,0,1,0
53,104325,82,1.0,172.95,1,1,0,1,0,0,2
30,27558,46,1.1,31.63,1,0,1,0,0,0,0
30,30399,41,3.1,10.52,0,0,1,0,0,0,0
34,74814,45,7.1,94.13,1,0,0,0,0,0,1
31,20510,36,2.3,23.63,1,0,1,0,0,1,0
63,128596,80,4.9,164.83,0,0,0,0,1,1,2
49,145961,97,5.3,206.21,0,1,1,1,0,1,2
49,64359,52,5.4,75.91,1,0,1,0,1,1,1
40,115994,77,3.0,225.2,1,1,1,1,0,1,2
40,70686,43,5.4,89.72,1,1,1,1,1,0,1
30,23567,26,2.5,27.64,0,0,1,0,0,0,0
41,54658,58,5.3,92.52,1,0,1,0,1,0,1
29,27345,35,1.8,17.71,1,0,1,0,0,1,0
31,20568,32,1.9,30.83,1,0,0,0,0,1,0
50,103744,77,3.8,148.91,1,1,0,1,0,1,2
44,64546,57,5.5,101.14,1,0,0,0,1,1,1
46,116580,81,5.1,151.98,0,1,0,1,0,1,2
42,56665,44,8.3,92.83,1,0,1,0,1,1,1
27,39388,14,0.3,30.96,0,0,1,0,0,1,0
24,31872,26,1.9,29.56,0,0,0,0,0,0,0
61,115048,78,3.3,194.67,1,1,1,1,1,1,2
45,77027,59,6.3,94.51,1,0,0,0,1,0,1
40,90608,60,7.8,76.55,1,0,0,1,1,0,1
50,125587,73,4.5,186.41,1,1,0,1,0,0,2
47,117983,78,4.0,195.55,1,1,1,1,0,1,2
41,126306,96,4.8,178.2,0,1,0,1,0,1,2
22,28148,21,1.5,10.03,0,0,1,0,0,1,0
62,86256,90,4.0,202.77,0,1,1,1,0,1,2
46,126472,76,3.6,197.8,0,1,0,1,0,0,2
50,73322,48,6.5,109.56,0,1,0,0,1,0,1
61,123136,76,2.1,154.4,0,1,1,1,0,1,2
49,104992,63,3.4,161.65,1,1,0,0,0,1,2
41,67664,57,6.0,88.43,0,0,1,0,1,0,1
42,107973,81,3.9,180.22,1,0,1,1,0,1,2
39,20463,41,1.6,11.13,1,0,1,0,0,0,0
30,64057,89,5.1,141.05,0,1,0,1,0,0,2
20,41706,27,2.1,14.66,1,0,1,0,0,0,0
34,89322,75,5.0,147.47,1,1,0,0,0,0,2
62,70071,85,5.2,198.67,1,0,0,1,0,0,2
59,124121,71,2.2,167.79,1,1,1,1,0,0,2
29,15998,41,3.2,31.44,1,1,0,0,0,0,0
41,38730,35,3.4,31.6,0,0,1,0,0,1,0
60,110216,100,1.8,150.68,1,1,0,1,0,1,2
32,27638,35,2.5,31.03,1,0,1,0,0,1,0
42,55548,49,5.5,85.57,1,0,0,1,1,0,1
53,66231,52,7.0,92.23,1,0,0,0,1,0,1
45,57702,41,6.0,63.77,1,1,0,1,1,0,1
27,38122,27,2.5,34.52,1,0,1,1,0,1,0
26,34883,26,1.1,27.42,1,1,1,0,0,0,0
23,32093,33,1.8,29.5,0,0,1,0,0,1,0
42,65086,47,5.0,43.9,1,1,0,0,1,0,1
56,125916,75,3.2,114.22,0,1,0,0,0,0,2
22,32609,25,1.4,30.21,1,0,0,0,0,0,0
54,131376,86,4.6,174.15,0,1,1,0,0,0,2
63,124039,76,3.9,174.53,0,1,0,1,0,1,2
28,33496,22,2.1,43.25,1,0,0,0,0,0,0
42,92470,67,3.4,179.27,1,1,0,0,1,1,2
27,25973,33,1.1,25.21,0,0,1,0,0,1,0
42,57254,54,5.9,114.88,1,1,1,1,1,1,1
23,42210,35,1.6,21.84,0,0,1,0,0,1,0
26,71456,58,4.6,89.82,0,1,0,1,1,1,1
47,112436,85,4.3,244.51,0,1,0,1,0,1,2
45,77880,47,8.3,84.17,1,0,0,0,1,0,1
42,115213,73,5.1,212.35,0,1,1,1,0,0,2
54,99003,85,3.4,175.62,1,1,1,1,0,1,2
47,111145,83,3.2,194.37,0,0,1,1,0,1,2
29,30307,35,1.8,18.17,1,0,0,0,0,1,0
54,125887,83,4.2,118.02,0,1,0,0,0,1,2
26,34876,28,1.3,15.8,1,0,1,0,1,0,0
40,70498,53,5.7,53.42,1,0,0,0,1,1,1
27,29213,35,1.0,22.98,0,1,0,0,0,1,0
53,125687,78,4.5,227.62,1,1,0,1,1,0,2
60,107365,77,4.0,103.91,0,1,0,1,0,0,2
48,62790,59,5.1,76.76,1,0,0,0,0,1,1
46,59314,54,4.6,104.88,1,0,0,0,1,0,1
27,28011,39,2.4,19.14,1,0,0,0,0,0,0
25,36403,49,1.6,27.61,1,0,0,0,1,0,0
59,105663,80,4.1,222.52,1,1,1,1,0,0,2
48,118572,92,1.8,197.98,1,1,1,0,0,0,2
53,111818,81,3.4,190.4,1,1,1,0,0,1,2
46,58111,74,6.4,87.46,1,1,0,0,1,1,1
44,67056,50,7.3,81.9,1,1,0,1,1,1,1
40,57803,53,5.1,96.41,0,1,1,0,0,0,1
29,25323,35,0.9,34.99,1,0,1,0,0,0,0
35,21117,23,2.5,12.5,1,0,1,0,0,0,0
54,139538,73,5.3,155.62,0,1,1,1,1,1,2
55,94917,81,3.9,185.12,0,1,0,1,0,1,2
29,37924,20,2.1,20.79,1,0,1,0,0,1,0
50,104511,68,5.0,171.97,0,1,0,1,0,1,2
26,27986,43,2.4,23.54,1,1,1,0,1,1,0
58,145186,65,4.5,196.48,1,1,0,1,0,0,2
29,32181,35,2.3,38.65,0,0,0,0,0,1,0
18,20089,35,2.6,16.43,1,0,1,0,0,1,0
36,67833,51,7.0,86.59,1,0,1,1,1,0,1
29,26434,17,2.3,24.82,0,0,1,0,0,1,0
34,33485,42,2.0,23.68,1,0,1,0,0,0,0
28,25683,38,2.5,23.37,1,0,1,0,0,0,0
47,56976,62,7.3,90.66,1,0,1,1,1,0,1
23,31220,60,2.4,43.61,1,0,0,0,1,0,0
36,58818,61,5.5,82.84,1,0,0,1,1,0,1
56,104992,73,5.8,146.15,0,1,1,1,1,1,2
23,32357,26,2.8,30.94,0,0,0,0,1,0,0
50,128454,76,1.7,159.34,1,1,0,1,0,0,2
34,50762,49,5.4,91.77,1,0,0,0,1,0,1
46,90437,72,2.5,221.78,0,1,1,1,0,1,2
50,110588,87,3.2,191.76,1,0,1,1,0,0,2
56,107293,81,5.0,163.87,0,0,0,1,0,0,2
25,39774,26,1.2,25.22,0,1,1,0,0,1,0
45,103706,96,3.7,189.34,1,1,1,1,0,0,2
48,111177,77,3.6,206.95,0,1,1,1,0,0,2
53,94232,75,2.7,166.34,1,1,1,1,0,1,2
55,91804,92,4.0,158.0,1,1,0,1,0,0,2
42,102203,75,4.1,166.91,0,0,0,1,0,1,2
47,131665,75,3.3,175.04,1,0,0,1,1,1,2
43,94498,71,3.5,223.28,0,1,1,1,1,1,2
36,65465,55,7.8,77.71,1,0,1,0,1,0,1
42,108689,79,2.5,184.39,1,1,1,1,1,1,2
49,68783,54,4.6,98.37,1,0,0,1,1,1,1
30,26083,32,3.4,14.12,1,0,1,0,0,1,0
56,91374,86,4.3,156.4,1,0,0,0,0,0,2
33,69701,66,6.0,88.26,0,0,0,0,1,1,1
47,48919,54,8.3,75.83,1,0,0,1,1,0,1
25,25930,27,1.6,19.6,1,0,1,0,0,1,0
30,27309,26,1.5,18.05,0,0,1,0,0,0,0
54,110513,83,3.6,162.08,0,1,1,1,1,0,2
57,108069,85,4.2,140.8,0,0,0,1,0,1,2
49,106629,82,3.6,146.52,1,1,0,1,0,1,2
41,62628,65,6.2,76.28,1,0,0,1,1,0,1
50,114956,68,4.8,162.46,1,0,0,1,0,1,2
49,113138,85,1.4,211.88,1,1,0,1,0,1,2
34,32714,32,3.1,11.92,0,0,1,0,0,0,0
49,131059,86,1.4,180.5,0,1,0,0,0,1,2
50,124911,75,3.8,169.36,1,1,1,0,0,0,2
52,70805,51,7.4,93.24,0,0,1,0,1,0,1
38,90575,82,3.8,151.41,1,1,0,1,1,1,2
38,47607,69,8.2,96.57,0,0,0,0,1,0,1
38,99604,86,4.2,177.82,0,0,1,1,0,0,2
40,59352,52,6.7,94.78,1,0,1,1,1,0,1
27,22533,20,0.0,39.28,1,0,1,0,0,1,0
39,136613,68,3.1,162.04,0,1,0,1,0,1,2
50,119485,76,5.1,173.19,0,1,1,0,0,1,2
33,28237,26,1.4,25.92,1,0,0,0,0,0,0
32,52885,67,6.8,100.36,1,0,1,0,1,0,1
43,61463,39,6.6,108.64,1,1,1,1,1,0,1
28,38423,20,1.9,26.45,1,0,1,0,0,1,0
50,77539,84,3.3,198.76,0,1,0,1,0,0,2
38,121502,75,4.5,197.72,0,1,0,1,0,1,2
45,60984,56,5.0,72.01,1,0,1,1,1,1,1
39,70806,66,6.0,86.06,1,1,0,0,1,0,1
51,73348,54,5.8,117.79,1,1,1,1,1,1,1
48,109737,91,4.8,119.04,1,1,0,1,0,0,2
47,128587,82,3.5,190.01,1,1,0,1,0,1,2
48,119386,76,3.4,241.56,0,1,1,1,0,1,2
40,121510,87,4.3,129.75,1,1,0,1,0,0,2
58,123806,78,5.4,151.42,0,1,1,1,0,0,2
54,134144,71,5.1,162.6,0,1,1,0,1,0,2
47,143593,81,3.4,163.75,0,1,0,1,0,0,2
38,105671,84,4.5,163.12,1,0,0,0,0,0,2
46,62297,49,7.6,92.32,1,1,0,1,1,0,1
64,124417,85,5.2,193.83,0,0,0,0,0,0,2
43,52555,54,6.4,85.94,1,1,1,0,1,0,1
30,25235,31,2.5,27.0,0,1,1,0,0,1,0
19,31486,49,0.4,13.87,1,0,1,0,1,1,0
42,101106,70,2.8,151.99,0,1,0,1,1,1,2
22,29845,39,2.4,22.97,0,0,1,0,0,0,0
44,65384,41,6.7,67.49,1,0,0,0,1,1,1
34,22701,33,2.5,18.66,1,0,1,1,0,0,0
35,67710,70,7.9,94.03,1,0,1,0,1,1,1
25,32086,49,1.8,12.88,0,1,0,0,0,1,0
43,112203,82,4.8,136.67,0,1,0,1,1,1,2
55,94307,69,4.2,184.2,0,1,1,0,0,0,2
64,131664,71,4.0,179.79,1,1,0,1,1,1,2
61,110402,86,4.2,174.06,1,1,0,1,0,1,2
44,139332,68,4.3,197.3,0,1,1,1,0,1,2
21,30829,29,2.3,31.76,1,0,0,0,0,0,0
44,72688,63,6.2,85.18,1,0,0,0,1,0,1
24,19881,50,3.4,19.68,1,0,0,0,0,0,0
40,63758,57,7.0,103.5,1,0,0,1,1,0,1
52,116993,81,3.9,138.7,1,1,1,1,0,1,2
36,73201,43,6.1,102.69,1,1,0,0,1,1,1
45,64435,64,7.5,103.03,0,0,1,0,1,0,1
57,117060,81,4.9,241.16,0,1,0,1,0,0,2
24,44522,34,0.9,27.05,0,0,0,0,0,1,0
26,68131,39,7.2,114.35,0,0,0,1,1,0,1
42,65134,65,6.4,99.66,1,1,0,0,1,1,1
46,81994,75,3.8,201.37,0,1,1,1,0,0,2
35,25870,37,1.7,32.96,0,0,1,0,1,1,0
18,29632,30,1.5,19.8,1,0,1,0,0,0,0
50,110171,88,4.3,171.51,1,1,1,1,0,0,2
52,117323,78,4.8,183.54,1,1,1,1,0,1,2
58,127582,85,2.6,228.55,0,1,0,0,1,0,2
47,137763,76,4.7,217.36,1,1,0,1,0,1,2
36,68630,55,4.0,98.28,1,0,1,1,1,0,1
55,107112,97,2.7,188.22,1,1,0,1,0,0,2
48,111384,75,3.7,162.69,1,0,0,1,0,1,2
30,33180,28,2.1,15.74,1,0,1,1,0,0,0
54,97540,90,3.0,180.33,0,1,1,1,0,1,2
48,70203,66,5.5,78.28,1,0,1,1,1,0,1
43,66232,47,5.8,96.69,1,0,1,1,1,0,1
54,75528,58,7.2,103.29,1,1,0,1,1,1,1
29,33545,21,0.0,10.54,1,0,1,0,0,1,0
25,25806,32,2.9,15.53,1,0,1,0,0,0,0
30,38183,28,2.9,34.46,1,0,1,0,0,0,0
21,35570,37,1.6,28.3,0,0,0,0,0,0,0
30,29598,46,2.3,20.39,1,0,1,0,0,1,0
62,96641,75,2.5,205.38,0,1,0,0,0,0,2
21,27829,38,1.3,22.83,1,0,1,0,0,0,0
54,63398,58,6.1,96.4,1,1,0,1,1,0,1
47,79983,53,5.0,94.09,1,1,1,1,0,0,1
27,31413,15,2.5,27.63,0,1,1,0,0,1,0
44,70054,53,3.0,102.02,1,1,0,1,0,0,1
52,94542,86,5.0,197.91,0,1,1,0,0,1,2
40,70610,55,5.1,116.72,1,0,0,1,1,0,1
40,48151,51,9.0,80.87,1,1,0,1,1,0,1
34,71834,64,6.4,84.62,1,0,1,0,1,0,1
38,26074,22,2.6,46.69,0,0,0,0,0,1,0
29,35999,28,1.2,31.37,0,0,0,0,1,0,0
34,65639,49,6.7,94.7,1,0,0,0,1,0,1
50,109837,79,4.4,184.0,0,1,0,1,0,0,2
25,21707,26,2.0,24.01,1,0,1,0,0,1,0
46,109368,79,3.2,168.97,0,1,1,1,1,0,2
50,77165,52,5.2,80.68,1,1,1,1,1,1,1
32,29250,34,2.0,24.6,1,0,1,0,0,0,0
30,34968,29,2.8,5.0,1,0,1,0,0,0,0
29,36457,28,2.1,21.99,1,0,1,1,0,0,0
32,16252,23,2.2,35.22,0,0,0,0,0,1,0
37,60529,58,5.1,88.74,1,0,0,0,1,0,1
52,64187,48,4.7,62.21,1,0,0,0,1,1,1
22,32582,33,0.8,16.31,0,0,1,0,0,1,0
49,118407,99,3.9,167.66,1,0,0,0,0,0,2
31,34010,32,2.9,42.83,1,0,1,0,0,1,0
43,98584,80,3.5,157.71,0,1,0,1,0,1,2
21,26574,48,2.4,18.62,0,0,1,1,0,0,0
45,73714,60,5.0,67.68,0,1,1,1,0,0,1
67,135846,91,3.4,148.77,1,1,0,0,0,0,2
47,111733,70,2.5,188.46,0,1,1,1,0,1,2
51,101784,80,4.3,217.69,0,1,0,0,0,0,2
29,27458,43,3.6,16.17,1,0,0,0,0,1,0
62,85555,71,5.0,161.12,0,1,1,0,0,1,2
30,33339,31,2.8,29.08,1,0,0,0,0,0,0
55,108636,77,3.8,173.2,0,1,0,1,0,1,2
59,64093,48,4.9,117.59,1,0,0,1,1,0,1
43,69098,52,4.9,130.97,0,0,1,1,1,1,1
47,118419,82,3.1,129.44,1,1,0,1,1,1,2
28,31128,35,1.7,10.86,1,0,0,0,0,1,0
35,35371,26,2.5,22.41,1,0,1,0,0,0,0
24,25000,40,3.2,32.33,0,0,0,0,0,0,0
42,79043,49,6.4,94.31,1,0,0,0,1,1,1
46,101586,84,3.6,174.28,1,1,0,1,0,0,2
45,63480,53,5.2,97.52,1,0,1,0,1,0,1
54,97363,67,3.9,97.5,1,1,0,1,0,1,2
54,60733,54,5.7,80.92,1,0,0,1,1,1,1
48,93682,66,5.1,145.38,1,1,0,0,0,1,2
27,28405,27,2.3,5.15,1,0,1,0,0,0,0
33,67118,53,5.8,94.87,0,0,1,1,0,1,1
47,72679,54,6.6,79.67,1,0,1,0,0,0,1
23,20797,30,2.1,21.11,1,0,1,0,0,0,0
44,117835,61,4.0,179.33,1,1,0,1,0,0,2
36,62039,61,4.8,93.71,1,0,0,0,0,1,1
30,30647,42,2.4,34.55,1,0,1,0,0,1,0
28,26739,44,2.6,30.56,0,1,1,0,0,0,0
31,30197,33,2.2,27.62,1,0,1,0,0,0,0
60,100056,75,2.8,138.52,1,1,0,1,0,1,2
40,52905,54,5.3,83.31,1,0,0,0,0,0,1
36,71465,57,5.5,102.73,1,1,0,1,1,0,1
48,69004,63,5.3,74.96,1,0,0,0,1,1,1
40,70677,49,7.1,111.47,1,1,0,1,1,0,1
28,30326,33,3.2,21.49,0,0,1,0,0,0,0
48,52494,43,6.6,70.38,1,1,0,0,1,0,1
34,67079,53,4.3,74.14,1,1,1,1,1,1,1
36,72079,47,7.3,76.24,1,1,1,0,1,1,1
63,91804,89,6.0,198.65,1,1,0,1,0,0,2
28,25043,35,0.1,27.88,0,0,1,0,0,1,0
34,32634,39,1.5,19.29,1,0,0,0,1,0,0
37,70018,45,3.5,101.37,1,0,0,0,1,0,1
49,93880,82,4.9,158.98,0,0,0,1,0,0,2
42,77866,49,5.7,104.92,1,0,1,1,1,0,1
38,24602,36,1.2,6.92,1,0,1,0,0,0,0
33,28241,36,1.1,15.98,1,0,1,0,0,1,0
54,139470,81,3.9,189.53,0,1,1,1,0,1,2
47,107938,78,3.6,124.08,0,1,0,1,1,0,2
49,117174,69,3.9,121.91,1,1,1,0,1,1,2
49,135205,100,2.2,130.87,1,1,0,1,0,1,2
48,73100,50,3.3,78.52,1,0,0,1,1,0,1
45,101798,83,4.7,137.72,0,1,0,1,1,1,2
31,69015,54,5.8,101.93,1,0,1,1,1,1,1
54,103621,85,4.5,175.72,0,1,1,1,0,0,2
21,28925,34,1.6,36.51,1,0,1,0,0,1,0
41,54873,47,4.2,85.1,1,0,0,1,1,1,1
51,62698,54,6.9,106.94,0,0,0,0,1,0,1
59,88098,87,2.2,153.92,1,1,1,1,1,0,2
36,33994,34,1.8,17.67,1,0,1,0,0,1,0
42,126236,82,2.7,157.93,1,1,1,0,1,1,2
50,120276,82,4.3,150.73,1,1,0,1,0,1,2
40,58943,49,6.0,82.92,1,0,0,0,1,0,1
46,108615,74,2.9,215.15,0,1,0,1,0,1,2
45,69915,66,8.1,92.27,1,0,1,0,0,0,1
24,24820,45,2.0,38.92,0,1,1,0,0,1,0
43,78900,55,5.4,74.34,1,0,1,0,0,0,1
32,63104,58,5.2,84.65,1,0,0,1,0,0,1
40,116158,86,6.1,227.77,0,1,0,1,0,1,2
64,74672,81,4.4,146.96,0,1,0,1,0,0,2
37,31779,42,2.2,24.16,1,0,1,0,0,0,0
25,28856,35,1.3,35.32,0,0,1,0,0,1,0
48,68057,46,6.5,93.87,1,0,0,0,0,0,1
48,73416,44,4.2,91.01,1,0,1,0,1,0,1
23,31883,45,1.9,21.98,0,0,0,0,0,0,0
24,38017,35,1.4,41.77,0,0,1,0,0,0,0
27,32199,25,2.0,36.82,1,0,1,0,0,1,0
45,77307,55,5.2,92.05,1,0,0,0,1,1,1
37,97893,72,3.7,197.5,1,1,0,1,1,1,2
46,55575,58,6.9,76.53,1,0,0,1,1,0,1
51,62953,60,4.8,92.18,1,1,1,0,1,0,1
45,50170,42,6.0,101.24,1,0,1,1,1,1,1
40,103295,91,4.7,181.83,1,1,0,1,1,1,2
40,72065,47,6.7,78.75,0,0,0,0,1,1,1
47,91815,94,5.2,177.24,1,1,0,1,0,1,2
26,23757,39,3.0,9.98,1,0,1,1,0,0,0
54,96862,84,3.0,256.55,0,1,1,1,1,0,2
47,123021,90,3.3,190.74,1,1,0,1,0,1,2
23,25772,33,2.7,17.28,0,1,1,0,1,1,0
40,53383,57,6.7,95.5,0,0,1,1,1,1,1
28,33145,47,2.3,24.81,1,0,1,0,0,1,0
41,71268,58,6.1,89.37,1,1,0,0,1,0,1
45,69033,47,4.8,75.45,1,1,0,1,1,0,1
26,34745,30,2.1,35.94,1,0,1,0,0,1,0
47,67223,57,3.9,74.5,1,0,1,0,0,0,1
29,24976,44,2.3,20.51,0,0,0,0,0,0,0
53,71635,73,3.7,224.69,0,1,0,1,0,1,2
27,34694,31,1.7,24.64,0,0,1,0,0,0,0
50,142073,76,4.2,201.45,0,1,1,1,1,0,2
22,37974,37,1.9,36.59,0,0,1,0,0,1,0
23,29295,28,2.5,17.03,1,0,1,0,0,0,0
24,21311,37,1.1,25.88,1,0,1,0,0,0,0
48,110732,72,3.4,199.76,1,1,1,1,0,1,2
31,55442,50,8.0,107.71,1,1,0,0,1,0,1
26,34923,27,1.7,29.91,1,0,1,0,0,0,0
