neighborhood,sqft,lot_size,year_built,bedrooms,bathrooms,garage,condition,price
Echo,2381,2802,1991,1,4,1,3,513033
Brook,1319,5902,1998,3,4,0,3,653716
Echo,1261,7202,2022,4,2,1,2,464235
Delta,1997,3857,2005,1,2,1,5,644877
Ashby,2403,6103,1965,1,4,0,1,506569
Echo,1724,2297,1952,6,1,0,5,494877
Echo,1084,13981,1996,1,1,0,4,370751
Echo,1056,3986,1990,3,2,1,2,365204
Ashby,1032,20300,2018,5,3,1,4,515716
Cedar,916,5884,1992,2,1,1,3,359852
Brook,1766,11118,1987,3,2,1,5,743243
Echo,2520,5811,1972,1,4,1,1,551982
Delta,1692,5890,1956,5,1,0,1,545973
Echo,771,4226,2014,4,1,0,3,340168
Brook,1590,6445,2011,6,2,0,5,743532
Ashby,1606,7261,1962,6,1,1,1,510827
Delta,3540,3748,2002,3,1,0,4,827161
Ashby,1021,5566,1976,1,1,1,5,378640
Echo,1483,4161,1982,3,1,0,3,404403
Delta,3088,23845,2012,1,4,1,5,830926
Echo,1990,5686,2012,4,1,1,4,498816
Brook,2070,15164,1964,1,3,1,2,712375
Echo,1770,5336,1972,6,3,0,5,484429
Echo,1908,7010,2010,4,3,0,4,517227
Echo,2232,2715,2017,2,3,0,1,475430
Ashby,1281,4588,1955,6,2,0,3,445986
Cedar,2312,6808,2011,5,4,0,4,562279
Ashby,1051,15539,1986,3,1,0,5,422452
Ashby,1907,6855,1993,1,1,1,4,562683
Delta,1810,13763,1955,3,4,0,3,616342
Delta,1370,8813,2000,4,1,1,2,601014
Echo,1687,15930,2000,5,1,1,1,448712
Brook,1367,5791,1999,2,1,1,1,598783
Brook,1168,25176,2008,5,1,1,4,742181
Cedar,1502,4484,2020,2,1,0,5,392756
Ashby,1155,3788,2012,2,3,0,1,428823
Ashby,1903,2903,2005,3,3,1,4,608554
Cedar,1137,24298,2022,1,1,0,3,309765
Ashby,2181,9810,1999,3,4,1,1,609040
Delta,1124,4910,1999,3,1,1,2,527652
Brook,1394,12695,1990,2,3,1,2,696629
Echo,1366,9065,2006,5,4,1,4,541563
Delta,2703,19520,1955,2,3,1,2,715345
Brook,1908,2370,1987,5,2,1,5,773715
Echo,1579,5117,1981,5,1,1,2,409517
Echo,2024,4546,2017,4,1,1,1,536726
Brook,813,1836,1955,2,4,0,1,502631
Ashby,1675,11336,1997,5,2,1,3,519356
Delta,3420,5101,1963,2,1,1,3,751509
Ashby,1781,9352,2015,2,3,1,4,619916
Ashby,1741,24720,2013,6,3,1,3,622125
Ashby,2060,4854,1967,3,1,1,1,516166
Echo,2326,4660,2014,5,1,1,2,492693
Delta,845,6443,1986,1,1,0,3,429416
Delta,943,10849,2021,4,1,1,2,482861
Echo,1830,4271,2004,6,3,0,4,556227
Cedar,1324,4109,1952,5,1,1,5,345446
Delta,2691,11314,1965,4,3,1,2,676016
Ashby,1522,7530,1979,6,1,1,3,525795
Ashby,864,1759,1965,2,4,1,5,487893
Delta,1091,2876,1959,3,3,1,2,503837
Cedar,649,14769,2022,1,2,1,3,333660
Delta,1566,7636,2014,5,2,1,2,632814
Echo,1592,3798,1982,5,1,0,4,436973
Delta,1465,5417,1965,5,1,1,4,549016
Delta,2480,6048,1963,5,3,1,1,688861
Delta,2586,9330,2017,1,1,0,1,646951
Brook,1602,2656,1974,4,3,1,1,695695
Ashby,805,3623,1950,5,2,0,1,364650
Brook,2110,7068,1979,2,1,0,1,626042
Ashby,2065,5651,1983,3,3,0,4,586029
Brook,1894,8456,1996,6,3,1,5,817870
Echo,2397,2869,1975,3,3,1,3,529797
Ashby,1131,7434,2018,5,1,0,5,495591
Ashby,3434,11550,1997,4,3,0,4,731424
Ashby,1215,8035,2023,4,4,0,5,581399
Ashby,2210,6522,1977,4,2,1,4,560565
Delta,942,5665,1998,4,4,1,1,517915
Delta,1228,3636,1977,5,3,1,3,571469
Echo,2890,5746,2001,6,2,1,3,680141
Delta,1552,12776,2005,2,4,1,4,672198
Brook,2281,5586,1973,6,4,0,4,776458
Echo,1847,3518,2019,4,1,1,1,499268
Ashby,1639,4466,2013,4,4,0,4,611698
Ashby,2740,6768,2016,2,1,0,5,612264
Ashby,1565,4795,1966,3,1,1,1,372750
Delta,912,8028,2003,4,1,1,3,522037
Cedar,1283,8211,1957,3,2,0,5,387459
Ashby,2062,10228,1957,2,4,1,1,568484
Cedar,1952,14096,2022,5,3,1,1,474426
Ashby,982,10906,1961,3,3,0,5,493844
Delta,1319,3425,2013,4,1,0,1,464232
Brook,1387,3489,1981,1,3,0,4,637460
Brook,1496,5733,1972,1,2,0,5,639916
Brook,1050,4577,1955,6,2,1,3,663870
Delta,1364,3031,1999,1,2,0,3,558422
Brook,1317,4603,2003,5,1,0,3,679508
Ashby,2227,4513,1984,6,4,0,2,574817
Ashby,2257,4009,2009,3,3,0,2,601543
Echo,1615,4964,1973,6,2,0,3,464447
Echo,1482,12168,1990,3,1,0,5,394374
Delta,1785,6762,1971,6,4,1,5,648384
Ashby,1277,26439,1993,2,2,0,5,519671
Echo,1138,6646,1960,3,2,1,1,338394
Echo,1223,5042,1985,3,3,1,2,375334
Delta,1361,6015,1990,5,1,0,4,560718
Brook,1131,6998,1991,1,3,0,3,623409
Ashby,1799,7791,1983,5,4,1,2,571152
Ashby,2195,20859,1997,1,2,1,2,517038
Echo,975,3613,1987,2,1,1,1,363979
Cedar,1715,10046,1970,4,1,1,2,413192
Ashby,1574,6797,1965,1,1,1,3,437093
Brook,1916,2338,1997,3,3,0,3,718953
Delta,1692,9527,2019,6,2,1,3,676229
Ashby,1022,12837,2005,5,1,0,2,407349
Echo,1093,3587,1997,1,3,1,2,386867
Echo,1718,5968,2018,4,1,0,5,461086
Delta,2437,2131,2016,4,2,1,3,714811
Brook,783,2819,1987,1,4,0,2,541871
Delta,1919,11252,1958,4,1,0,4,562740
Delta,2578,4535,1996,4,1,0,3,717151
Delta,1611,3085,1996,5,2,0,3,599959
Ashby,2061,6886,1970,2,3,1,2,540804
Brook,1329,4386,2012,2,1,1,4,616614
Ashby,1630,4523,2014,5,4,1,1,548993
Cedar,964,9350,1974,5,1,0,5,358050
Brook,748,2988,1985,1,4,1,3,608424
Ashby,2365,3485,1964,2,3,1,3,523087
Ashby,1204,6581,1963,4,1,1,2,427983
Delta,1449,10734,1969,5,1,1,3,575641
Ashby,1046,12612,1977,2,1,0,4,440944
Echo,1038,4026,1970,2,2,0,3,320420
Delta,1600,10530,1961,5,2,0,1,483672
Brook,1317,3748,1983,5,3,0,3,648049
Delta,1940,17948,1996,6,2,0,2,615132
Ashby,1992,3039,1974,5,3,1,1,566969
Echo,1902,13314,1989,6,2,0,5,468453
Cedar,1848,4047,1970,2,2,1,2,380709
Echo,2953,20080,2002,2,2,0,3,624739
Ashby,1170,8555,1997,2,2,0,1,407424
Cedar,1668,3261,2021,1,4,1,2,463797
Cedar,2527,4386,1953,5,1,1,2,428534
Echo,2646,9588,2013,4,2,1,1,530781
Delta,1034,11284,1975,1,4,1,5,600598
Cedar,1524,5751,1954,2,3,0,2,341771
Ashby,2735,6163,2001,2,1,1,3,619662
Brook,2031,9457,1962,3,4,1,3,725222
Cedar,1820,6494,1963,3,1,1,3,397015
Brook,1575,2761,2022,2,1,1,3,657010
Ashby,1486,3684,1966,6,2,1,3,541879
Echo,1880,6909,1990,2,3,1,1,525923
Echo,1556,12442,1964,4,1,1,4,451212
Ashby,1675,15821,1959,3,4,1,1,488533
Delta,1747,9578,1950,3,1,1,3,493891
Ashby,1341,7129,1951,5,4,1,2,451402
Delta,2048,9403,1985,6,1,0,3,674574
Ashby,4714,4022,1982,1,2,1,1,764228
Delta,913,5473,1952,3,3,1,4,506738
Delta,1904,3659,1975,1,2,0,3,580650
Echo,1303,2836,1970,3,3,1,1,422056
Ashby,2081,7329,1992,4,3,1,1,560984
Echo,1728,6706,2023,3,3,0,3,482428
Ashby,2219,9064,2001,2,2,1,4,598432
Ashby,2565,8326,2017,2,4,0,3,630820
Delta,1818,6940,1964,2,3,0,4,579187
Brook,2527,8379,1965,2,2,0,4,765870
Echo,748,5848,2005,3,3,0,5,404491
Echo,2966,7687,1972,5,4,1,5,732900
Brook,1938,3881,2012,1,4,0,5,780456
Echo,2479,7490,1984,1,3,1,4,583461
Ashby,1109,8960,1964,4,4,0,3,436376
Cedar,1271,4015,2012,5,4,1,3,467351
Ashby,1789,6190,1990,2,2,1,4,519067
Echo,1690,4127,2009,2,3,1,1,461588
Ashby,1877,4375,1983,4,1,1,4,562283
Ashby,2485,3055,1959,3,2,1,3,580541
Brook,916,12823,2000,5,4,1,3,751602
Echo,2390,11372,1959,1,2,0,5,537197
Echo,1705,8283,1999,1,4,1,4,531108
Delta,1583,19591,1980,4,2,0,5,633310
Echo,1016,5356,2008,3,1,0,5,439729
Echo,2027,36996,2014,5,1,0,5,525643
Cedar,730,5234,1980,4,3,1,2,355144
Brook,2133,6993,2015,3,2,0,1,695343
Echo,1008,4726,1958,1,3,0,2,299152
Delta,1732,7502,1957,1,1,0,4,544256
Brook,1631,9906,2023,5,2,0,5,793265
Ashby,2560,5604,1992,2,1,1,5,592444
Delta,1597,17423,1983,4,2,1,4,609895
Ashby,1333,6926,1961,5,4,0,4,513909
Echo,1424,7057,1971,6,1,1,5,461926
Ashby,2654,3478,2000,2,3,0,4,656473
Ashby,2051,7713,2010,1,1,1,1,593079
Echo,1485,5536,2017,5,3,1,3,515962
Ashby,1565,4165,1980,5,4,1,2,523502
Ashby,982,3765,1983,2,2,1,4,407719
Delta,1948,29809,1962,4,1,0,4,604196
Echo,918,5123,1956,2,3,1,2,312372
Ashby,2212,2503,1982,5,2,0,2,567211
Brook,1778,3946,1992,5,4,1,1,751237
Echo,3920,5817,1957,2,4,0,2,651974
Echo,1157,8329,1980,3,3,1,5,495957
Cedar,1640,8370,1997,3,3,1,4,440410
Ashby,3190,9005,2010,1,3,1,5,730518
Ashby,2580,4075,2019,1,3,1,5,686539
Ashby,1332,7360,1975,6,2,0,5,538609
Ashby,1839,3547,1978,3,4,0,1,539667
Delta,1701,4137,2014,1,2,1,2,594132
Ashby,1876,3460,2001,1,1,1,1,502701
Cedar,1331,2941,1970,3,3,1,1,331535
Delta,1648,11362,2000,6,3,1,2,671722
Delta,972,9070,1961,3,4,1,2,542094
Ashby,1782,10781,1983,6,2,1,1,571567
Echo,1990,6143,1972,3,2,0,5,447304
Delta,1570,9562,2023,5,3,0,3,618770
Delta,966,2085,1952,5,2,1,4,545707
Ashby,2403,10071,2013,1,4,1,4,586203
Ashby,1931,6673,1970,1,2,1,5,551449
Echo,1319,8741,1952,6,4,1,1,455778
Brook,1541,7537,1998,6,2,1,2,699730
Brook,1005,3319,2000,1,1,0,2,542850
Cedar,1187,2442,1960,4,4,1,3,358070
Delta,1408,3914,1952,6,3,0,3,554173
Echo,2613,8421,1958,6,3,0,4,572453
Ashby,1359,9078,1980,2,3,0,3,446081
Echo,2127,2641,1959,5,2,0,2,447141
Ashby,1408,3330,2002,4,4,1,3,540969
Delta,1854,3888,1955,6,2,1,5,647873
Delta,1618,4842,2008,1,4,1,3,668307
Ashby,2308,2650,2014,4,2,0,3,589145
Ashby,1410,2556,2003,1,1,0,1,412849
Brook,980,3664,2019,3,1,1,1,583809
Echo,1048,6319,2019,1,4,1,2,399095
Delta,1411,2955,1953,3,3,1,1,479065
Echo,1098,5597,1975,5,2,1,3,367873
Echo,1962,11324,2006,4,4,0,5,538504
Cedar,1444,2748,1975,2,3,1,3,389531
Echo,3903,5301,2004,3,3,1,4,778475
Ashby,925,11096,2007,3,3,1,5,462660
Ashby,1826,4668,2023,5,1,1,4,573967
Echo,1146,4253,1974,2,1,1,4,338290
Echo,1430,12060,1975,1,3,0,4,406241
Ashby,1786,4993,1951,4,1,1,2,501649
Cedar,753,11640,1971,5,3,1,3,337270
Delta,1847,7761,1970,3,1,1,2,567591
Echo,3309,4884,1983,2,2,1,4,673378
Delta,1451,8001,1981,1,3,1,3,574758
Brook,1862,7272,2013,6,3,1,5,809735
Brook,2434,11071,2007,5,4,1,1,835270
Brook,1605,4318,2003,1,3,1,1,644416
Delta,1387,6150,1950,1,1,0,4,495402
Echo,767,5783,1984,1,4,0,4,373880
Cedar,2128,9155,2003,3,1,0,4,426325
Ashby,1634,3243,1968,5,1,1,2,488313
Ashby,1193,11045,1981,1,4,0,1,418427
Delta,1777,7937,2003,5,1,0,2,606537
Echo,1386,2723,2008,1,3,1,3,457022
Ashby,1413,12388,2013,5,2,1,3,553377
Ashby,2102,22925,1981,2,4,1,5,621280
Delta,1064,10945,1979,6,1,0,5,578629
Ashby,2453,14125,1978,3,1,1,4,577903
Echo,1042,6315,1999,2,2,1,1,322159
Brook,1348,2214,1981,2,2,0,1,507469
Ashby,3332,1984,1979,5,4,1,3,747854
Echo,2522,6992,1962,3,3,0,4,520675
Ashby,1759,4206,1985,3,1,0,4,509699
Ashby,1223,3466,1967,5,4,0,2,420722
Ashby,1413,5778,1988,4,2,0,1,431473
Ashby,1744,8681,2015,4,4,1,2,596442
Ashby,1722,2510,2007,3,4,0,4,542382
Ashby,1647,4583,1985,1,1,0,5,489968
Ashby,1682,14845,2022,1,3,0,5,547170
Ashby,1577,3147,2022,1,2,1,3,511367
Delta,1026,10111,1982,4,2,1,1,520028
Delta,1419,4486,2006,4,2,1,5,653299
Brook,2341,8325,1975,5,3,1,1,774382
Brook,1053,11590,2015,6,2,1,2,658652
Cedar,1591,9361,1977,2,1,0,5,370748
Echo,1276,10353,1969,6,2,0,3,431066
Echo,1768,3007,1959,6,1,0,1,378854
Ashby,1484,11704,2012,4,4,1,3,567352
Ashby,2851,3597,1971,4,3,1,1,619140
Ashby,2030,7011,2010,2,2,1,2,547725
Ashby,1074,7006,1956,2,2,1,5,419313
Delta,2150,8027,1987,1,1,1,2,547323
Brook,1296,7344,1981,4,2,1,5,708754
Ashby,1389,3616,1982,3,4,1,3,539986
Brook,1897,2669,1962,2,1,1,4,638201
Cedar,1431,10127,1955,1,1,1,4,348635
Ashby,2324,6708,1975,1,4,1,3,617986
Echo,1296,11958,1984,4,3,1,1,431024
Ashby,1369,5841,2008,5,1,0,5,508446
Echo,1351,2582,1984,4,2,1,3,405088
Ashby,1395,10713,1968,1,3,1,4,485645
Echo,2498,4804,1969,1,2,1,3,513318
Echo,2118,7367,1995,1,2,0,4,487169
Echo,3093,4069,1982,5,3,1,2,629182
Echo,3760,16092,2016,5,3,0,5,746207
Echo,1185,3546,1982,2,4,1,2,415954
Delta,1742,4900,1991,1,1,0,4,571611
Echo,1126,6400,1954,2,2,0,3,339001
Ashby,1295,3116,1964,5,1,1,3,461718
Cedar,1364,7316,2012,1,3,0,1,389074
Cedar,1174,15783,1975,5,3,1,2,370057
Echo,1176,4470,1981,3,2,0,1,374272
Cedar,1616,7605,1993,1,3,1,3,393593
Brook,1110,1153,1954,6,2,1,4,681746
Delta,2283,5861,1987,4,1,0,3,667353
Ashby,1233,4973,1975,5,3,0,4,486182
Ashby,4545,3672,1960,1,2,1,2,808812
Cedar,1452,11480,1980,3,2,0,2,365030
Brook,1743,4933,1983,4,2,1,3,690845
Ashby,1080,5394,1963,4,4,1,2,452861
Brook,3089,4785,1990,1,1,0,5,851337
Brook,2515,1900,2005,4,2,1,5,870147
Brook,1886,3042,1969,6,3,1,3,729943
Brook,1061,10680,2021,5,1,0,4,661073
Delta,1830,1692,1995,2,1,1,1,561642
Ashby,1148,3789,2007,6,3,1,1,485321
Echo,2836,4721,1955,5,3,1,2,640582
Echo,2257,17080,2006,1,3,0,2,509576
Cedar,1758,9515,1974,1,1,1,2,358447
Brook,725,4295,2002,6,4,1,3,707157
Cedar,1205,13124,2009,2,2,0,4,364419
Echo,2163,3848,1968,1,1,1,3,475794
Delta,2599,10993,1969,3,2,1,3,645491
Echo,2506,2655,1954,4,1,0,1,445443
Cedar,974,11424,1994,4,2,0,2,351506
Delta,1889,4702,2007,4,2,1,5,721507
Ashby,2426,3237,1980,6,2,0,5,618517
Delta,951,5267,1961,5,2,0,1,441878
Ashby,1695,7086,1973,1,4,1,1,502405
Delta,1871,4459,1979,1,4,0,5,617301
Echo,1530,8366,2017,1,2,0,1,385978
Ashby,889,4229,1959,3,4,0,3,440583
Delta,1517,8706,1975,3,4,1,5,626132
Ashby,1516,7823,1997,6,4,0,4,527583
Delta,1614,5785,1967,3,1,0,3,500341
Ashby,1396,4604,2015,1,2,1,2,471392
Echo,1456,6571,2017,6,2,0,4,444531
Ashby,1677,8347,1978,2,1,0,4,468319
Echo,1985,20673,2005,6,1,0,5,512986
Echo,1528,10542,2005,5,3,0,3,522412
Delta,1473,10776,2000,6,2,1,5,713179
Echo,1756,38278,1963,5,4,1,4,520427
Echo,868,8177,1953,1,3,1,1,308541
Echo,2009,8025,1975,4,1,1,2,439300
Ashby,1700,9154,1959,3,4,1,4,542090
Delta,1724,3275,1971,4,2,0,1,589647
Ashby,2379,4597,1997,5,3,0,4,627400
Delta,858,4428,1993,4,4,1,2,536871
Ashby,852,8849,1965,2,3,0,2,354136
Delta,1871,5405,1951,6,1,1,3,633089
Delta,1696,6519,1966,4,1,1,5,525994
Cedar,1804,11522,1983,6,2,1,5,489688
Cedar,1446,10071,2007,2,1,1,3,382670
Echo,2145,5445,1977,6,1,1,1,469479
Echo,2356,4014,1971,2,4,0,5,572260
Cedar,2014,11857,1990,3,1,0,5,484476
Delta,1552,9546,1955,6,1,1,4,556956
Echo,813,2289,1966,3,3,1,4,427398
Ashby,2225,4972,1952,2,1,1,3,480346
Ashby,2607,6626,1988,6,2,0,1,635887
Ashby,2130,9574,1982,6,4,0,1,587905
Delta,1250,10359,1993,2,3,1,1,521295
Brook,2152,7114,1995,2,4,1,5,804077
Echo,2297,8524,1979,2,2,1,1,476151
Delta,2934,6235,2014,1,3,0,3,737938
Brook,1251,4005,2017,4,1,1,2,631510
Echo,1570,5129,1958,2,2,1,1,369555
Echo,2208,6069,2018,6,1,1,5,575068
Ashby,1735,5876,1964,2,4,1,1,465175
Brook,1150,1936,1968,4,1,1,5,625216
Brook,1965,4727,1989,4,1,1,4,711682
Ashby,2082,6206,1952,4,2,0,4,526681
Ashby,1753,5068,1976,1,2,1,1,470496
Echo,1836,5174,1964,3,2,1,5,489117
Brook,1553,8041,1985,4,2,1,3,745521
Brook,2852,3141,2010,3,2,1,3,790371
Delta,1240,2259,2018,6,4,0,4,652541
Delta,1384,4869,1965,4,3,0,2,537196
Echo,1707,9490,1990,3,4,1,2,507154
Echo,2312,16515,1985,1,4,0,2,526344
Cedar,1007,9593,1980,2,3,0,3,320720
Brook,1075,2486,1996,3,4,0,4,671355
Echo,833,5219,2023,3,1,1,2,344303
Delta,1720,6999,1979,6,4,1,2,667641
Echo,1149,6675,1954,5,2,1,5,379758
Ashby,1486,8292,2017,1,3,0,3,517214
Echo,2143,3461,2018,4,1,0,5,538519
Delta,1358,6238,1973,3,1,1,2,504294
Ashby,1843,7721,1987,1,4,1,2,527793
Delta,1531,9847,2013,4,2,1,2,600408
Delta,2151,3700,1987,4,1,1,3,674703
Ashby,2008,4878,1985,1,3,0,4,620520
Cedar,1334,1185,2018,3,1,1,3,416785
Echo,1603,4132,2011,5,2,0,2,441802
Ashby,2450,4380,1987,2,3,0,5,633449
Cedar,1951,3254,1961,3,3,0,3,435346
Brook,1043,6627,1982,1,2,0,2,539103
Brook,2138,5802,2000,2,2,1,1,684702
Echo,1163,1547,1970,6,4,0,3,430986
Echo,2787,6828,1989,4,1,0,4,590725
Ashby,2433,3438,1998,2,1,1,5,570685
Echo,1882,8030,1956,3,1,1,2,402222
Echo,1796,2781,1992,2,4,1,1,479301
Ashby,1580,6109,2004,3,2,1,5,555730
Echo,2156,5063,1965,1,1,1,3,483517
Ashby,1493,7197,1990,4,1,1,1,428103
Echo,1846,6466,2002,4,1,0,1,489237
Delta,2307,5148,1953,4,4,1,3,645539
Delta,1397,2387,1997,3,2,1,4,538551
Ashby,1370,2473,1969,2,1,1,2,417706
Echo,1119,4227,1979,2,1,1,2,313610
Ashby,1171,5970,1997,2,3,0,4,470317
Ashby,896,4165,1950,3,3,1,5,445449
Ashby,2195,8731,1951,3,4,1,3,575840
Echo,3202,5074,1983,5,1,1,3,606319
Ashby,2800,3363,2020,1,1,1,2,621907
Echo,962,5078,1950,2,1,0,1,253349
Delta,2191,6871,2008,6,2,0,1,683698
Ashby,2796,7291,1955,6,3,1,5,694783
Ashby,1449,18519,1986,6,3,0,1,477889
Ashby,1761,4017,1981,2,1,1,5,480031
Delta,842,5741,1984,1,3,0,2,454910
Echo,1866,7748,1956,2,3,1,4,442528
Ashby,1172,5916,2005,1,1,1,5,434804
Echo,1823,4443,1970,6,3,0,4,518671
Ashby,984,2368,2007,6,2,0,4,442393
Echo,2056,4416,1998,5,1,1,2,533598
Echo,2433,3150,1990,5,2,0,3,547543
Echo,1292,2129,1972,3,4,0,4,427927
Delta,1142,3722,1998,3,3,1,3,539328
Echo,799,3201,2023,6,2,0,1,392660
Ashby,1549,8517,2018,5,4,0,5,603731
Ashby,1387,8606,2017,4,2,1,1,478002
Ashby,988,3488,1966,6,2,1,5,494266
Cedar,1992,5133,1993,3,1,0,5,407257
Delta,1452,1968,1979,3,4,0,1,503911
Delta,1167,4460,2021,6,4,1,4,631233
Echo,1400,7623,2020,3,1,1,4,465237
Ashby,2473,9843,2014,5,3,1,2,658823
Delta,2099,3912,1962,3,4,0,5,692444
Ashby,1624,11278,1973,2,3,0,1,432763
Ashby,2111,2417,2002,2,1,1,2,544710
Delta,1132,2838,2005,4,4,0,5,606844
Echo,1719,9185,1975,3,2,0,4,424762
Delta,1790,16353,1960,3,2,1,1,572015
Ashby,1442,8067,1960,5,2,1,1,459823
Delta,1980,5857,2000,1,4,1,2,623158
Ashby,1294,1607,1983,1,3,1,1,431776
Echo,2032,1783,1986,6,3,1,1,511508
Delta,2062,6484,2010,4,4,0,3,683565
Ashby,612,4840,1951,4,4,0,1,351177
Ashby,2579,3090,2005,1,4,1,2,594438
Ashby,600,6241,1970,4,4,0,2,396262
Echo,1370,6429,2018,3,4,0,5,478375
Cedar,2434,10574,2020,4,4,1,5,589091
Echo,1521,6512,1987,1,3,1,5,461202
Delta,1018,12538,1973,4,1,0,2,492461
Delta,1159,6029,1967,4,1,0,3,499654
Ashby,2435,5599,1963,2,4,1,3,590151
Echo,868,11363,2023,1,2,0,5,377387
Brook,2524,3336,1963,6,4,0,4,849304
Delta,1668,32474,1983,5,4,0,5,624641
Delta,1120,7515,1985,4,3,0,3,564046
Delta,1386,7540,2000,5,4,1,5,624042
Echo,1191,8222,2012,5,2,1,4,433402
Ashby,2302,18505,1991,1,2,1,4,579467
Cedar,2197,9653,2006,3,4,0,4,579446
Brook,931,2290,1991,6,4,0,2,692477
Cedar,1476,13927,1982,2,1,0,4,379364
Ashby,1257,4890,1961,6,4,1,2,512396
Ashby,2673,6398,1965,1,2,1,4,553491
Ashby,1060,2785,1981,2,4,1,2,454047
Brook,2981,8227,1953,3,3,1,4,832861
Brook,1680,4059,1973,4,3,1,3,693730
Delta,1132,6372,1984,2,1,0,4,503488
Delta,1341,5060,1984,2,2,1,2,517780
Brook,1284,19044,2010,4,3,0,4,731608
Brook,1088,19710,2021,2,4,0,5,660349
Ashby,1757,6170,2003,6,1,0,1,507181
Delta,1106,6235,1955,6,1,1,2,486571
Brook,793,4796,1980,2,3,0,4,583226
Ashby,1488,11651,2004,4,2,0,5,546616
Brook,905,4925,1994,2,4,1,4,630557
Cedar,1307,4660,1983,3,1,0,3,336704
Ashby,1237,10793,1982,5,2,0,2,449596
Delta,1253,4344,1980,2,1,1,5,529191
Delta,3425,5866,1992,1,3,1,5,808878
Delta,1734,2323,1963,2,4,1,5,631835
Delta,1852,9155,1988,6,1,1,2,603448
Delta,913,19226,1965,2,2,0,3,470888
Brook,1352,9249,2000,3,4,1,2,689565
Echo,1833,14423,2013,4,1,1,5,515986
Cedar,1188,3611,1987,1,4,1,5,446015
Brook,2336,6914,1978,2,4,1,1,765472
Delta,1116,3407,2019,2,1,1,2,507418
Brook,1538,5234,1998,6,1,0,3,691614
Cedar,1385,9536,1981,6,3,1,3,411608
Delta,1801,6378,1952,5,1,1,3,575493
Echo,1359,2571,1951,2,3,0,2,347845
Echo,1546,2726,1966,4,1,0,4,378871
Cedar,1565,2620,1967,4,3,1,5,456630
Cedar,1315,8058,2003,6,2,1,5,449556
Echo,2015,20699,1987,1,3,1,3,492023
Brook,1848,13589,2023,5,4,1,5,833033
Echo,1648,1924,1990,2,2,1,4,532196
Cedar,1462,14075,2016,4,3,0,1,386315
Ashby,2247,10523,1990,6,3,0,4,583271
Ashby,1565,2374,1976,1,4,1,2,448851
Echo,1527,5002,2002,1,1,0,4,425154
Ashby,1763,11578,1983,5,1,1,4,583704
Ashby,3078,8348,1970,1,2,1,5,649613
Brook,1063,2735,1985,5,3,1,5,731992
Ashby,2226,8656,1999,4,4,1,5,689825
Brook,876,1664,1977,3,2,0,3,570654
Delta,1834,5249,2002,6,1,1,3,639628
Ashby,2950,11876,2022,6,3,0,3,730723
Echo,2017,6067,1980,2,3,1,5,549060
Echo,1805,4448,1971,1,2,0,2,404341
Brook,1397,10230,1979,1,1,0,3,582434
Ashby,1719,10768,2012,1,4,1,4,572549
Delta,1556,13168,1963,6,4,1,1,658326
Ashby,1291,10139,2022,4,3,0,4,540602
Brook,1536,11480,1980,5,3,1,2,728277
Echo,1822,9314,2012,2,2,1,2,484568
Echo,1300,7036,2008,6,2,0,4,473063
Echo,1282,6331,2007,5,1,1,1,409502
Brook,1056,5204,2017,5,1,1,1,652458
Delta,1949,2899,1963,3,2,1,3,621775
Delta,2057,3382,1993,5,2,1,3,673673
Brook,1844,5066,1957,4,1,1,1,633249
Delta,2383,6935,1972,3,4,1,2,692517
Ashby,1753,14243,1953,4,2,1,2,496649
Ashby,1950,5851,2000,2,3,1,3,557874
Cedar,1891,10956,1994,6,2,1,2,538744
Ashby,1646,11466,2004,5,2,0,1,465757
Ashby,1412,5222,1963,5,4,1,3,550560
Echo,3690,8573,1974,5,3,1,5,722192
Echo,1451,5184,2000,3,4,1,3,483437
Delta,1347,13264,2011,6,2,0,2,651296
Echo,1979,8787,2015,2,2,1,3,482560
Echo,1857,2937,1955,4,2,1,1,408423
Ashby,1040,6611,1979,1,3,0,2,396751
Brook,2518,16129,1950,2,2,1,3,732103
Brook,1645,5382,2010,4,2,0,3,726757
Ashby,1152,7849,1959,3,1,0,3,383136
Echo,2577,8325,2010,6,3,0,5,659880
Brook,2116,3221,1961,4,3,1,4,733407
Cedar,1092,8151,1951,3,3,1,1,263770
Ashby,3167,2600,2015,3,4,1,3,734625
Ashby,2141,4122,1982,4,4,0,3,549795
Echo,1694,11441,1981,5,4,0,1,502750
Ashby,2966,7432,1997,2,1,0,2,563661
Ashby,1797,4998,1970,4,4,1,5,569126
Ashby,1683,7843,2001,4,2,0,2,517045
Cedar,1349,5788,1981,1,2,1,3,337661
Delta,2084,6045,1970,6,2,0,2,587516
Cedar,2009,8898,1979,4,2,1,1,480608
Ashby,1709,3878,1950,2,4,1,2,469452
Ashby,1289,6147,1972,4,3,1,4,503001
Echo,1779,4975,1993,5,4,0,5,538540
Delta,1659,2317,1960,6,4,1,4,674501
Delta,1066,3454,1958,1,2,1,5,522182
Delta,1016,15374,1998,3,3,1,4,555989
Echo,2072,7558,1981,2,3,1,4,511121
Ashby,684,2712,1960,4,2,0,3,366137
Brook,1827,2381,2005,4,3,1,1,744499
Cedar,1438,5609,2007,3,3,1,3,398159
Brook,2687,15309,1952,6,4,0,5,917470
Echo,1430,5364,1964,4,4,1,3,438612
Cedar,2141,13144,1977,3,3,1,4,499506
Echo,1480,7411,2004,1,4,1,1,403729
Echo,1769,7961,1955,2,1,1,2,362405
Cedar,2200,2692,2009,6,4,1,2,526793
Echo,1446,10530,1973,3,2,1,2,383321
Delta,2410,4908,1959,6,2,1,5,710170
Echo,1201,10071,2013,4,4,0,3,433793
Brook,1885,3681,1956,4,2,0,4,714484
Cedar,2348,6672,1959,3,4,0,4,477543
Cedar,2142,7411,2020,4,2,1,3,489603
Ashby,3325,5470,1988,1,2,1,5,697902
Brook,1301,7648,1984,1,2,0,2,618049
Echo,1049,5114,2000,3,2,0,1,351253
Delta,1200,4065,1996,4,4,1,4,613560
Ashby,2142,15722,1995,4,1,1,4,558271
Brook,2024,11259,1951,3,3,1,2,681379
Ashby,1762,3801,1990,2,4,1,5,552301
Ashby,1148,8439,1970,5,2,1,1,471102
Echo,2223,3843,2009,4,3,1,2,563368
Brook,1107,2947,1987,1,2,0,1,533287
Brook,2550,11157,1959,3,1,1,1,708816
Delta,4622,2158,2015,5,3,1,4,981414
Ashby,1933,10463,1971,5,4,1,4,589154
Ashby,2085,5156,1970,2,3,0,4,558382
Delta,1431,5285,2019,6,2,0,5,637950
Delta,902,7672,2007,4,1,1,1,546087
Echo,1377,8504,2013,3,4,1,4,533632
Delta,1160,3654,1999,4,4,0,1,576760
Cedar,1024,9229,2017,6,4,0,5,474507
Echo,3106,6422,1958,2,2,1,4,582831
Echo,1870,2824,1994,1,3,0,4,485904
Delta,1942,5419,1971,3,2,1,3,603534
Echo,1526,13743,1979,1,1,1,2,423111
Echo,1600,16407,1967,6,1,1,4,483933
Echo,2383,9227,1965,6,2,1,5,592971
Ashby,1681,2937,1982,4,3,1,1,512636
Delta,2047,8054,2017,6,1,1,5,760820
Brook,1587,9997,1997,1,3,0,4,652424
Delta,1508,9274,1975,4,2,1,1,597156
Delta,1039,9609,1982,3,4,0,5,567523
Echo,851,7461,1989,2,2,1,1,290925
Echo,1551,5745,1968,2,1,1,4,394001
Ashby,1734,4165,1988,4,2,0,1,440402
Delta,1084,1921,2001,4,4,0,1,552418
Delta,1680,7356,1967,1,2,0,4,525427
Brook,1732,6709,1993,4,3,0,4,738204
Ashby,799,8384,2002,6,4,1,4,553153
Ashby,1234,2689,1988,1,2,1,2,410691
Echo,1960,8835,1971,6,3,1,5,556265
Cedar,1947,20583,1991,4,1,1,1,392352
Echo,1135,6289,2008,3,2,1,5,439772
Cedar,1797,5782,1966,5,2,1,2,484446
Echo,2431,7222,1992,4,3,0,4,589836
Brook,2231,20311,2000,5,4,0,5,845441
Echo,1644,3246,1973,1,2,0,2,362245
Ashby,1443,6778,1978,1,2,0,3,437687
Delta,1364,3713,2015,4,4,1,5,670162
Echo,2002,4321,1976,2,2,1,5,492000
Echo,1820,5824,1994,2,3,0,2,461111
Echo,2119,13466,1961,3,3,0,3,461327
Ashby,1780,17679,2018,5,1,1,2,532584
Brook,2264,7851,1994,2,4,1,3,803576
Ashby,1757,4787,2006,6,2,1,2,533684
Ashby,2237,26773,1994,3,3,1,1,606714
Delta,2306,4642,1976,1,2,1,5,663817
Delta,1283,4259,1975,1,4,1,4,524739
Echo,903,2068,2001,6,3,0,3,417022
Echo,2918,13866,2013,1,1,0,1,486044
Delta,1860,10726,1959,3,1,1,1,564015
Echo,933,25596,2012,5,4,0,3,446089
Ashby,1324,2607,2011,4,3,0,4,568303
Ashby,2227,14392,1958,2,2,1,2,557866
Delta,1541,6258,1958,1,1,0,4,482599
Echo,1421,9732,2001,5,1,1,2,384877
Ashby,2776,2232,2012,3,4,1,1,643468
Cedar,1178,14478,1979,1,4,1,3,344131
Delta,1286,9618,1997,2,2,0,1,546498
Ashby,1831,5862,2023,4,1,0,1,506942
Brook,1949,8836,1973,2,2,1,1,696894
Echo,2023,3790,1966,3,1,1,2,434236
Delta,2339,4238,2023,1,3,1,3,691289
Ashby,1822,4543,1970,5,3,0,5,568639
Echo,2018,1974,1984,4,4,1,2,549223
Brook,1553,10062,1982,5,2,1,1,682870
Echo,1738,12265,1988,1,1,0,1,348159
Ashby,1765,3939,1969,3,1,1,2,516364
Delta,1833,7394,2000,2,2,1,2,592625
Brook,2228,5116,2001,4,3,1,2,773085
Ashby,2065,7306,1964,5,1,1,5,508257
Echo,1727,4117,1985,2,4,1,2,484024
Ashby,1281,3531,1954,5,2,1,4,485260
Ashby,1741,11280,1966,4,4,1,4,576832
Brook,1683,5774,2023,5,2,0,1,690779
Delta,1819,20187,1987,1,1,1,2,552559
Echo,3680,6169,1996,6,1,0,3,673296
Echo,1415,3442,2015,3,3,1,3,481883
Ashby,1971,12527,2002,2,3,0,1,537010
Brook,2471,8760,2008,2,4,1,4,840642
Ashby,1759,9280,2002,6,4,0,2,600837
Delta,3853,12257,1986,6,1,1,2,841461
Echo,1489,4056,1996,1,2,1,4,423229
Delta,1904,5559,1971,3,1,1,5,627148
Delta,1285,5413,2015,5,1,1,5,583596
Brook,1503,2766,1963,4,1,0,5,664461
Echo,1855,5122,2015,2,1,0,3,411493
Cedar,2286,13378,2015,3,3,0,1,454369
Ashby,1901,6918,1960,3,1,1,2,434577
Brook,2641,2675,2002,2,1,0,2,742472
Ashby,1644,2359,2023,6,1,0,2,564068
Ashby,1513,16291,1992,2,3,1,2,499736
Ashby,4380,5684,1975,5,3,1,1,830337
Cedar,1952,4069,2015,6,4,0,1,548683
Delta,1322,5090,1987,5,1,1,4,590293
Brook,1333,2473,1959,5,1,1,3,618978
Brook,1222,14092,1968,1,2,0,1,543604
Echo,2359,4739,2000,1,3,1,3,537698
Echo,1496,13629,1983,5,1,1,5,462741
Cedar,1777,6189,1966,5,1,1,3,402269
Ashby,1663,14147,2009,5,2,0,2,553379
Echo,2196,6999,1958,3,1,0,2,459413
Ashby,1264,10011,1966,4,2,0,2,389676
Brook,1167,9237,1984,1,4,0,2,595305
Echo,1839,8721,1952,2,3,1,5,472867
Cedar,2098,7393,1978,4,2,0,5,494272
Delta,1910,5218,2017,1,2,1,2,638551
Delta,1281,18935,2019,1,4,1,5,705107
Delta,2155,3482,2014,1,3,0,5,665194
Ashby,1310,6016,1973,2,3,0,1,406620
Ashby,1416,6054,1954,6,4,1,3,546317
Brook,1222,7639,2010,5,1,0,4,652876
Ashby,2681,4637,1977,6,1,0,3,610796
Echo,2122,7247,2005,2,2,1,3,501742
Ashby,2101,5422,1958,4,2,1,3,484506
Delta,2630,2322,1999,6,1,1,4,747738
Echo,4550,6034,1993,3,1,1,2,740868
Echo,935,3100,2018,4,4,1,3,481711
Brook,1313,2119,1957,5,3,1,2,653962
Cedar,1370,6514,1980,5,3,1,5,420943
Echo,1262,8040,2023,6,1,1,1,425900
Delta,1166,8230,1978,4,2,0,1,441167
Echo,1531,8432,1998,4,3,0,1,399483
Echo,1111,1882,1961,6,3,1,2,422903
Echo,1912,2652,2003,5,3,1,4,547358
Ashby,1731,19607,1970,3,3,1,5,592558
Delta,2012,3201,1992,4,2,1,3,599908
Ashby,2031,8656,2015,4,4,1,1,594173
Delta,2099,3973,1998,2,2,1,2,612781
Echo,1492,6294,1985,4,1,1,1,421951
Cedar,3572,4103,1964,4,4,0,3,647021
Brook,1845,8404,1975,6,1,1,4,757630
Ashby,886,6513,2012,4,2,0,1,450406
Echo,1197,4585,1965,1,1,1,4,349036
Ashby,924,3195,1998,6,1,1,2,478173
Ashby,1710,7046,1985,4,2,0,4,500532
Ashby,1629,2898,1973,2,1,1,5,472586
Ashby,1443,7754,2003,5,2,0,4,544852
Cedar,3436,29010,1976,3,4,0,4,612349
Cedar,2060,13489,1971,3,1,1,4,464010
Brook,2192,9233,1989,6,4,1,1,801539
Ashby,1227,5700,2006,6,2,1,1,516126
Ashby,1198,1875,2013,4,3,1,2,497894
Brook,1722,2714,1996,3,2,1,4,725792
Ashby,1806,12954,1998,6,2,1,4,612355
Delta,888,3736,2008,2,1,0,4,475703
Ashby,1596,3944,1969,5,3,0,2,477560
Brook,1708,5432,1968,4,4,1,5,775686
Brook,1577,3173,1985,6,3,1,3,736176
Brook,1279,2874,1996,3,3,0,2,629606
Ashby,1407,5821,1997,5,3,0,4,531057
Ashby,1598,3514,1961,1,2,1,1,467755
Echo,1755,3846,2007,5,1,1,3,477751
Ashby,2101,3755,1976,1,3,0,4,529114
Cedar,2482,8209,2014,4,4,0,4,531901
Cedar,1534,5220,2003,2,2,0,2,364957
Brook,1449,5390,2022,6,4,1,1,760324
Brook,1981,8584,1996,5,4,1,1,790482
Echo,2105,5510,1989,1,1,1,1,435163
Echo,1460,5077,1963,6,3,1,5,521657
Ashby,2242,7957,1979,2,3,0,4,592766
Brook,2395,8959,2013,4,2,1,3,842541
Ashby,2672,5493,1978,1,3,0,3,615522
Cedar,3168,6297,1953,1,4,0,2,564867
Delta,1255,3753,1968,2,3,0,1,480410
Ashby,1708,3580,1994,4,4,0,1,486568
Brook,1707,9519,1996,4,4,0,4,770778
Echo,1643,7836,2022,6,4,1,1,546713
Ashby,1354,7885,2019,1,4,1,1,531998
Cedar,1011,7101,1989,5,1,1,4,401423
Delta,1756,6169,1991,1,1,0,3,595032
Ashby,1299,9112,2009,2,1,0,3,462176
Ashby,1752,10515,1953,2,1,1,2,458952
Ashby,1288,10366,1994,1,3,1,1,412348
Echo,1157,5648,1985,4,3,1,3,436391
Ashby,1845,13790,2007,6,2,1,2,566869
Ashby,1792,6881,2009,5,1,0,3,540413
Ashby,2082,8769,1998,6,3,1,1,597998
Ashby,3653,7107,1998,4,2,0,2,731909
Delta,1873,6958,2001,1,4,1,1,610463
Ashby,2015,3859,1992,3,1,1,3,563313
Delta,1166,9139,1966,5,2,1,2,465292
Delta,1084,33080,1971,1,1,0,2,464754
Echo,2958,4792,2004,1,2,0,3,597276
Ashby,1230,6261,1995,6,4,1,3,594960
Echo,1180,4591,1967,1,2,1,2,362472
Delta,1677,4477,2014,6,2,0,4,693174
Ashby,1647,15156,2022,5,2,0,2,543718
Echo,1240,4007,1996,4,2,0,2,390477
Echo,1528,4515,1966,4,3,0,3,442727
Ashby,2614,2315,2019,1,4,0,1,604812
Echo,1282,3808,1967,3,3,1,3,393207
Cedar,1044,2153,1982,5,3,0,3,347881
Delta,2364,8766,2013,6,2,1,1,675349
Echo,2020,32187,1988,3,1,1,3,512759
Brook,1368,4815,1967,6,3,0,1,645317
Echo,977,2207,1955,5,4,0,4,394128
Brook,1310,10296,1976,1,3,1,1,598970
Echo,1668,3879,1999,4,1,1,1,440710
Delta,2556,13084,2002,4,3,0,2,725338
Ashby,1183,5066,1966,4,4,0,4,457720
Brook,1650,4107,1961,5,1,0,4,637893
Brook,2153,5392,2001,6,1,1,3,804306
Ashby,739,9454,1961,4,3,1,1,357775
Ashby,2441,5235,1954,2,2,0,2,535385
Brook,1124,4454,1985,6,3,0,4,722526
Ashby,1909,5325,1992,6,3,0,1,587931
Ashby,1853,2797,1968,5,2,0,4,554114
Delta,2485,7614,1965,4,1,1,2,664061
Delta,2062,2054,1967,1,3,1,1,637461
Delta,740,4596,1975,3,2,0,4,418617
Brook,1292,9463,1950,2,4,1,1,605482
Echo,1784,7196,1950,4,2,0,2,432609
Delta,1588,8550,1977,5,1,0,1,524788
Ashby,2009,5770,1951,2,4,0,3,554900
Ashby,2241,12105,1973,6,3,1,1,593310
Delta,2103,10450,1992,1,3,0,1,596184
Ashby,1577,7842,1952,1,4,1,3,482077
Cedar,891,10468,1995,6,4,1,5,433222
Echo,1449,9412,1995,1,4,1,1,409142
Ashby,1967,4609,1992,5,4,1,3,620036
Ashby,1161,2679,1996,5,2,0,5,481289
Echo,2120,7721,2009,2,1,0,2,483707
Delta,2336,8326,1955,1,3,1,3,653851
Ashby,1777,11543,1962,2,4,0,5,572390
Echo,600,3421,1973,1,4,1,4,324614
Echo,1087,3483,2000,5,3,0,2,364269
Cedar,3290,7907,2014,6,3,0,4,669121
Delta,1404,5749,2017,6,3,1,4,737209
Ashby,849,1935,1993,5,1,1,3,466693
Ashby,2619,7514,1980,5,1,1,3,608640
Delta,1708,1974,1980,6,1,1,5,652472
Ashby,2503,3403,1954,5,4,0,5,665242
Delta,1873,13501,1984,4,4,1,5,668621
Echo,1996,17934,1987,6,2,1,4,588848
Ashby,1930,2893,1965,2,2,1,2,491329
Delta,2170,4924,2006,3,2,0,1,612172
Ashby,3772,6155,2010,6,1,1,1,755839
Echo,2388,17470,1972,2,2,0,5,558470
Ashby,978,4464,2017,2,2,0,2,397972
Delta,1988,4507,1957,1,3,1,1,523311
Delta,2535,15195,2017,2,4,1,2,742780
Brook,2590,4792,2006,4,1,1,1,725442
Delta,1464,9254,1966,6,2,1,3,586716
Delta,2556,2473,1998,1,4,0,3,721410
Delta,2352,5414,1972,5,4,0,2,694729
Echo,4183,2217,2009,5,4,1,4,852463
Echo,1308,3185,1961,6,3,1,3,461237
Brook,1423,9927,1968,5,1,1,5,754330
Cedar,1527,5823,1972,1,4,1,4,401122
Ashby,1432,4954,1964,3,3,0,1,443436
Echo,1245,3829,1974,6,4,0,2,420060
Cedar,646,5256,1994,6,4,0,4,400185
Brook,1460,7188,1996,4,2,1,3,693611
Ashby,1935,10821,1990,6,1,1,4,629878
Echo,1430,1242,1964,5,3,1,2,419023
Brook,3347,3643,1964,1,2,0,1,816263
Delta,1708,6601,2018,6,1,0,4,656589
Ashby,2671,5654,1968,2,2,0,4,591122
Echo,1863,7643,1957,3,4,1,4,518305
Ashby,2270,7045,1983,2,2,1,3,574968
Ashby,1875,4997,1950,5,2,0,1,484546
Echo,2745,4374,1975,1,3,1,4,568177
Echo,1734,5178,2013,4,3,0,4,493443
Ashby,2022,11953,1969,6,2,1,4,588106
Cedar,1933,3867,2002,5,4,0,1,421845
Delta,1537,5778,1986,2,3,1,4,624541
Echo,1959,6698,1976,6,1,0,4,460769
Brook,3716,15302,1998,3,2,1,5,966160
Cedar,1546,5011,1994,5,4,1,3,485270
Delta,1969,10666,1973,4,1,1,4,652208
Delta,2640,12565,1966,1,1,1,3,603886
Echo,2534,5775,2017,1,3,0,4,564764
Delta,1707,5287,1962,2,2,0,4,571693
Ashby,738,4925,2021,6,2,0,4,475720
Echo,2037,5146,1984,6,2,0,5,573789
Echo,782,10017,2023,3,1,0,1,302588
Echo,2844,6892,1976,6,2,1,4,577928
Ashby,1804,6910,1991,1,1,0,4,508526
Ashby,2412,3055,1995,6,3,1,3,644237
Delta,1240,3358,1975,2,3,0,3,477023
Ashby,987,21711,1966,1,4,1,4,459776
Echo,1862,5393,1988,5,1,0,3,493498
Brook,1680,3769,1999,3,2,1,3,675734
Delta,1431,14160,1969,2,2,1,5,639638
Echo,1751,7105,2006,5,3,1,4,521147
Brook,4478,8488,1997,2,3,1,2,1009246
Brook,2277,5523,1962,5,4,1,5,802610
Delta,2455,4956,2019,2,4,1,2,720555
Delta,2284,5420,1953,1,4,1,1,610332
Brook,2853,2617,1998,2,1,1,5,799286
Delta,1591,5692,1982,4,1,1,2,632409
Echo,828,7166,1998,2,4,0,2,349029
Cedar,1591,18211,2007,1,4,1,2,419917
Ashby,2259,6318,2000,5,2,1,3,642170
Brook,1211,1479,1998,3,1,1,1,648350
Brook,1598,5671,2012,3,3,1,1,725678
Ashby,1334,31046,2001,2,3,1,2,472847
Ashby,2876,10090,2010,1,4,0,2,653180
Delta,2210,3689,1979,1,3,1,1,562517
Brook,2135,8554,1965,5,4,1,5,845136
Echo,2113,3844,1967,1,4,1,3,457325
Ashby,1678,2663,1995,2,1,1,1,440530
Ashby,1822,4868,1989,6,1,1,1,520734
Echo,1123,6339,1955,3,4,0,5,425626
Echo,791,1951,1965,5,1,1,2,320947
Ashby,1792,3011,2021,3,1,0,1,524806
Ashby,1904,6037,2003,6,4,1,4,663451
Ashby,2596,4697,2005,5,1,1,5,688336
Cedar,2946,7604,1964,3,1,1,2,473408
Cedar,2945,2895,1954,5,1,1,4,589750
Ashby,1199,9209,1971,3,2,1,3,433481
Ashby,1503,2949,2013,6,3,0,1,563228
Cedar,2011,16077,1987,3,3,0,4,525326
Echo,4124,2143,2008,6,4,1,5,859771
Delta,2854,3115,1986,4,3,1,5,812032
Cedar,2515,7707,1986,4,4,0,1,427543
Ashby,1484,16286,1994,3,1,1,3,488394
Ashby,1248,7248,2020,5,2,1,4,569033
Ashby,2241,8410,1982,5,2,0,1,570551
Echo,1156,6063,1994,5,1,1,5,414517
Echo,1564,3241,2018,5,4,1,1,491890
Echo,1633,4471,1977,1,1,1,2,321498
Echo,2969,2900,2012,6,2,0,5,676435
Echo,1502,2786,1989,6,2,1,3,426866
Echo,724,7636,2015,2,1,0,4,371911
Ashby,2028,3058,1984,6,4,1,3,653095
Ashby,1331,7268,1996,4,1,1,4,487165
Brook,1726,2747,1973,2,1,1,1,639189
Delta,1649,7168,1996,2,2,0,4,580497
Ashby,1545,4475,1974,3,1,1,1,446578
Echo,2242,13953,1995,1,4,0,1,463001
Delta,994,7286,2008,5,1,1,3,564331
Cedar,1419,12594,1982,5,2,1,3,373336
Ashby,2160,3813,1981,5,2,1,1,510202
Ashby,1371,6206,1973,4,1,1,4,478827
Ashby,968,3330,2004,3,1,1,2,413863
Echo,2148,4681,1993,5,3,0,5,572932
Delta,2519,5127,1988,6,1,0,1,638554
Delta,1673,3882,1951,1,1,0,2,530578
Ashby,856,2893,1958,3,2,1,2,387090
Brook,2176,2569,1950,6,2,1,3,758637
Brook,951,1474,2012,6,2,0,3,655920
Echo,1894,3183,2013,6,4,1,1,568059
Echo,1246,8743,1955,2,2,0,3,364355
Ashby,1133,2299,1953,3,3,0,5,463620
Echo,1456,2640,2007,1,4,1,1,447372
Ashby,1594,17572,1988,6,1,0,2,453382
Echo,1357,4095,1972,4,3,0,3,371075
Ashby,2089,7275,1995,2,2,1,4,573609
Ashby,1454,8821,1967,1,3,0,1,412755
Echo,2396,8929,1964,5,1,1,2,523198
Ashby,1876,2407,1977,5,2,1,2,536486
Brook,1332,5223,2016,6,1,1,4,734045
Brook,1256,2272,2006,6,4,1,1,674638
Ashby,955,26038,1964,5,3,1,4,491612
Delta,1882,2304,1991,5,1,0,3,571637
Echo,1502,3200,2015,5,3,1,2,497351
Echo,741,3214,2020,6,4,1,5,439524
Brook,1409,2444,2006,3,3,0,5,719453
Cedar,1240,13508,1959,5,2,1,5,369981
Ashby,2951,25668,1967,5,4,0,5,716256
Ashby,937,4510,1966,1,1,1,2,380851
Ashby,1027,2717,1961,5,1,0,5,442128
Echo,2507,1568,1962,3,1,0,1,410083
Echo,2733,5183,1973,1,4,1,2,540067
Echo,1310,4963,1991,2,3,1,3,388836
Cedar,1363,4059,1979,1,3,1,4,342308
Cedar,2109,6852,1981,6,3,0,3,495713
Cedar,753,7605,1968,5,2,0,3,316521
Cedar,886,7283,1961,1,1,1,2,261602
Brook,1541,4963,2023,4,4,1,3,777646
Ashby,2924,3098,1994,4,4,0,3,684821
Ashby,1460,8946,1966,4,1,1,3,464722
Echo,1761,6045,2009,4,1,0,3,432219
Cedar,2528,10224,2011,6,3,0,4,573557
Echo,3554,9639,2021,4,1,1,2,642917
Ashby,1389,2557,1961,4,3,1,1,437006
Delta,1690,2538,1997,4,4,1,2,639854
Ashby,3217,3813,2022,3,2,1,3,714175
Ashby,998,3184,2009,6,2,0,1,519445
Ashby,2436,9440,1966,3,4,0,1,533667
Ashby,1190,7408,2016,5,2,0,5,522499
Echo,1762,11603,1981,4,1,1,2,408809
Brook,1562,7611,1986,5,1,1,4,698014
Delta,1216,6800,1991,5,4,0,1,548823
Cedar,1205,12325,2007,5,4,1,5,502232
Brook,1873,7953,1958,4,1,1,2,661751
Cedar,2409,6250,1989,4,4,1,2,527707
Ashby,1625,14586,2010,4,1,0,4,517061
Echo,1742,6429,1990,3,1,0,2,377137
Echo,2076,4999,1970,5,2,1,3,493457
Delta,1210,3629,1954,6,2,0,4,535455
Cedar,2202,9148,1990,5,4,1,1,510784
Ashby,2265,12604,2002,5,3,1,1,625407
Echo,4229,5821,1990,5,1,1,4,757382
Brook,1490,13151,2022,3,3,0,2,688316
Ashby,1448,1840,1994,1,4,1,5,496732
Brook,2225,5804,1987,3,3,1,5,821587
Echo,2264,5857,1954,5,1,1,5,513328
Delta,1410,3879,1991,5,1,0,5,605181
Echo,1476,25080,1962,4,2,0,5,483535
Echo,2054,5766,2003,5,2,1,2,516955
Ashby,1272,4698,1961,1,2,0,5,409396
Echo,1472,6094,2017,4,1,1,2,440078
Brook,1754,1804,1972,5,1,1,3,704301
Delta,2409,3803,1982,4,3,1,1,662344
Ashby,1376,10823,1960,5,4,0,5,520317
Echo,892,4114,1965,3,3,1,3,382400
Ashby,869,3649,2018,4,2,1,5,511549
Ashby,1094,13164,1970,4,4,1,2,467614
Cedar,1074,13409,1987,5,3,1,2,342216
Ashby,1610,8182,2022,2,3,0,3,539255
Ashby,1121,4566,1996,2,3,0,5,460580
Delta,1329,5197,1953,3,4,1,3,569806
Brook,1297,3703,1976,2,3,0,4,648211
Echo,1457,3303,1978,3,3,1,2,378289
Brook,2701,3206,1970,3,3,1,4,829102
Delta,2143,4141,1967,2,4,1,4,682606
Cedar,1710,3225,1987,3,4,0,5,481309
Delta,1447,2348,1977,4,2,1,1,543683
Delta,1461,6844,1971,5,3,0,2,515056
Cedar,1907,6907,1980,2,1,1,1,407623
Echo,2086,16647,1975,6,3,0,3,542953
Brook,1237,4018,1966,3,4,1,4,651001
Ashby,1722,7167,1983,5,3,0,4,536560
Delta,835,7238,2019,1,2,0,4,510921
Echo,1831,5152,1987,2,3,1,4,513226
Ashby,2220,9378,1994,3,2,0,5,584503
Brook,1541,9553,2022,3,2,0,5,747991
Echo,3210,7302,1995,3,1,1,3,572022
Delta,1249,5147,1966,1,3,1,5,531246
Echo,1834,4842,1979,3,1,0,1,343504
Cedar,1679,2641,1986,5,2,0,4,410168
Delta,1641,3700,1985,5,4,1,3,688072
Brook,1633,4131,1961,2,4,0,5,753680
Echo,1765,3057,1957,3,2,1,3,444160
Brook,2287,7812,1975,4,4,1,1,755759
Delta,2753,12302,2017,4,1,1,4,752831
Brook,1699,3480,2003,5,4,1,5,816607
Delta,2261,7112,2012,3,2,1,1,614525
Delta,1330,3226,1962,5,4,1,1,548768
Cedar,2223,4997,1980,6,4,1,4,594800
Echo,1302,3965,1993,2,3,1,3,400349
Brook,2490,8610,1982,5,3,0,3,786262
Delta,3685,3993,1980,2,3,1,1,785274
Brook,1629,11009,1976,3,1,0,3,653876
Brook,789,5178,1953,4,1,1,3,547407
Brook,1403,4063,2013,4,2,1,5,735605
Ashby,2616,2829,2019,4,2,1,2,658722
Ashby,2063,6984,1955,2,3,0,2,549453
Delta,1855,10267,1980,1,2,1,1,555507
Delta,2420,7069,1988,6,3,1,3,734423
Delta,2014,22990,2008,6,1,0,4,717718
Ashby,2603,14149,2023,6,1,0,2,625020
Brook,2345,4989,1980,4,4,0,4,773232
Ashby,2896,4958,2005,6,4,1,5,777683
Echo,1927,7953,2019,3,4,1,1,546737
Echo,2334,3629,2011,1,2,1,3,534969
Ashby,1527,12080,1971,2,3,0,4,489509
Delta,1377,7454,2010,2,3,1,1,524623
Ashby,3089,6998,1980,3,2,1,1,634329
Ashby,1834,9061,1951,6,3,1,2,574118
Ashby,2253,16869,2006,2,3,1,1,550272
Ashby,1775,6648,2011,4,2,0,2,518750
Delta,1385,5607,1975,2,2,1,1,501048
Echo,1707,14835,1983,4,2,1,5,491295
Ashby,2810,10722,1976,4,4,1,3,690676
Cedar,2065,4949,1958,1,4,1,2,440792
Delta,934,6019,2023,3,4,1,4,611476
Echo,1577,6746,1951,1,4,1,1,370747
Delta,3172,7455,1991,6,2,0,3,740034
Ashby,1577,2659,1951,5,4,0,4,532457
Delta,905,2378,2001,6,1,0,5,538104
Brook,3298,3523,2016,6,4,0,2,980356
Echo,2159,3363,1997,2,2,1,3,552993
Brook,1659,4077,1994,5,2,1,4,790519
Delta,1493,8781,2011,1,1,1,4,552052
Ashby,2483,5422,2022,6,1,0,1,615902
Brook,1406,6750,2013,5,2,1,5,769934
Echo,2541,2878,1967,5,3,1,2,577471
Delta,2055,4548,1991,6,1,1,2,635128
Brook,1852,8534,2010,6,4,1,1,811926
Echo,1789,8574,1971,6,1,0,1,421961
Echo,1599,3885,1999,1,4,0,2,435701
Brook,2451,6611,1951,1,2,1,1,656753
Cedar,1256,22445,2014,6,2,0,4,455235
Cedar,964,5937,1995,2,1,1,3,310179
Delta,2108,3958,2004,3,4,1,2,690666
Brook,2120,5406,2011,1,3,1,3,767703
Ashby,2011,6341,1966,4,1,0,4,528606
Echo,1961,5480,1983,5,1,1,1,458051
Echo,1520,5888,2013,6,3,1,2,521675
Echo,2239,2524,1962,4,4,0,5,547537
Echo,1673,3368,2010,4,1,1,1,401744
Delta,1434,5486,1971,4,1,1,5,596653
Echo,1524,5434,1992,3,3,0,5,452962
Echo,3448,4272,1987,4,1,0,2,574291
Cedar,926,5395,2000,6,2,0,2,319020
Cedar,2025,6224,2011,2,1,0,2,417113
Ashby,945,10231,1975,3,2,1,3,427622
Delta,1637,5653,1962,4,3,0,2,509475
Ashby,1461,7623,1981,4,2,0,4,486517
Ashby,819,4335,1995,1,2,1,2,418689
Delta,1948,8457,2005,2,2,1,5,654663
Brook,1488,7517,2005,4,3,0,5,730457
Ashby,815,10087,1975,5,1,1,3,447694
Echo,2281,9206,2019,5,1,1,3,581662
Echo,2809,8542,1956,6,1,0,1,546167
Ashby,2864,5656,1958,5,4,0,1,558851
Ashby,1928,6950,1951,4,3,0,3,565278
Brook,1728,11357,2018,2,1,0,3,699676
Echo,2706,4057,1963,3,2,1,2,593543
Echo,3063,4115,1994,5,2,0,1,565664
Ashby,2528,6690,2010,3,1,1,5,602746
Echo,1223,7698,2006,5,4,0,3,464669
Ashby,1824,3659,2020,1,4,1,3,567083
Brook,1983,5737,1953,1,1,0,3,653161
Echo,902,5671,1980,2,1,1,3,363030
Ashby,2004,1588,1987,2,2,0,4,530228
Ashby,3767,5259,2001,4,3,1,4,799859
Brook,2127,5460,1996,4,4,1,3,816206
Delta,2847,5450,1991,4,2,1,1,703422
Echo,1812,14032,1972,2,2,1,5,477246
Echo,1657,2893,1957,4,1,0,2,408213
Ashby,1943,3658,1981,1,1,1,1,497451
Ashby,1278,1252,1969,3,1,1,1,431181
Echo,1213,4496,1991,1,2,1,4,397121
Ashby,2648,4732,2008,1,3,1,2,567171
Echo,2748,4418,1990,1,1,0,1,477509
Delta,1202,11662,1993,1,1,1,5,526700
Ashby,2386,10056,1953,3,4,1,2,585362
Echo,1649,6287,1997,4,4,1,5,527342
Ashby,1915,4804,1982,4,3,1,5,600175
Brook,1997,11106,1959,3,3,0,1,650073
Delta,2408,5929,1965,2,3,1,4,648505
Cedar,1750,3672,2007,1,2,1,4,464705
Delta,2785,2143,2017,5,1,0,1,671523
Delta,1894,4604,1987,6,2,1,2,640731
Echo,2115,9436,2022,2,3,1,3,570262
Echo,1270,23516,1963,2,3,1,1,402470
Cedar,3619,6226,1972,2,3,0,4,638142
Ashby,2004,3791,2018,2,3,1,2,577644
Delta,2182,2947,1962,2,1,1,5,648678
Echo,968,8356,1998,3,3,0,5,454092
Brook,1275,2081,1966,5,4,0,4,696340
Cedar,2622,8348,1974,5,3,0,1,454168
Brook,1880,9800,1985,6,3,0,1,708327
Ashby,870,7795,1976,3,1,1,1,388145
Delta,2445,5259,2014,3,4,0,3,704480
Brook,1405,8421,2021,3,2,0,4,735089
Echo,2786,6648,1987,1,2,1,1,522899
Echo,1649,3762,1988,3,2,1,4,472131
Echo,1826,18211,1954,2,1,1,1,420547
Brook,2568,4859,1967,3,4,0,2,770496
Brook,1242,9556,1952,1,3,1,3,619872
Delta,1201,1406,2013,5,2,1,5,643813
Echo,1587,12905,1966,6,4,0,4,463887
Cedar,2271,14484,1975,6,1,0,3,468165
Echo,1067,6108,2012,1,2,1,1,378185
Ashby,948,8390,2002,1,3,0,2,410832
Echo,2268,8389,1995,6,1,1,4,602775
Ashby,1377,4080,1952,6,3,0,1,412536
Ashby,1482,8331,1991,4,4,1,4,523735
Cedar,888,3694,1991,2,3,1,4,374177
Ashby,1340,4164,1973,4,1,0,4,476476
Ashby,1696,11798,2005,4,3,1,2,550067
Ashby,2354,10768,2018,6,2,1,2,654164
Brook,1298,3927,1969,4,3,1,1,655052
Echo,3037,3864,1974,1,3,0,2,529815
Ashby,1338,4073,1973,5,1,0,3,432867
Delta,1338,9312,2011,5,1,0,1,541673
Echo,2912,3293,1955,2,1,0,3,533457
Ashby,1831,7432,2016,1,1,0,2,453007
Ashby,1401,9392,2007,1,2,1,3,479375
Echo,1610,5691,1985,6,1,1,2,444447
Echo,2730,10999,1993,3,4,0,5,639648
Cedar,2840,4999,2016,4,4,0,2,580982
Echo,1277,5277,2006,6,1,0,5,444845
Ashby,1675,3338,1970,1,2,0,1,453535
Brook,1754,11046,1953,2,3,1,1,640395
Delta,1204,3788,1998,5,3,0,1,534768
Ashby,1667,7401,1960,4,3,0,3,461903
Echo,1703,5749,1956,1,4,0,5,436889
Cedar,2534,3190,2022,5,3,0,1,542394
Echo,2594,4163,1985,1,3,1,4,573585
Cedar,1515,13756,1998,5,3,0,4,467243
Brook,1577,6772,1966,5,3,1,2,708462
Ashby,2145,3275,1957,5,2,0,2,578463
Ashby,1385,7206,1954,3,3,1,5,488418
Echo,2089,5496,1976,2,4,1,4,492501
Ashby,1648,47665,1950,6,2,1,2,508548
Ashby,1211,7119,1981,4,1,1,5,470614
Ashby,1216,4775,1974,4,3,1,3,460222
Ashby,2821,14066,1988,1,4,0,1,611504
Echo,1609,1988,1993,4,4,1,5,563997
Brook,3018,6349,1972,4,3,0,5,910751
Echo,1420,19854,1983,2,4,1,3,473791
Ashby,1882,5596,1955,5,2,1,4,604929
Delta,3928,2121,1972,1,2,0,2,758067
Brook,1174,4731,2022,5,2,0,5,666312
Brook,875,14360,2023,6,2,1,2,695167
Echo,2667,7519,1985,4,3,0,2,512320
Echo,1273,3627,2019,1,4,0,3,411557
Echo,1688,3977,1987,4,2,1,2,466564
Ashby,1385,4289,1959,4,1,0,4,444722
Ashby,1867,7452,2014,4,4,0,4,601558
Delta,1219,13392,1980,2,4,0,3,519684
Ashby,1596,11282,1995,4,4,1,4,584216
Delta,1990,7888,1998,2,2,1,3,656902
Delta,1194,2699,1972,4,3,1,5,591198
Delta,1331,2705,2004,4,3,0,2,543818
Echo,1505,8262,1987,4,4,0,4,451671
Delta,1031,2676,1977,5,4,1,3,555011
Ashby,1466,5241,1972,6,4,0,5,572461
Ashby,1772,7201,2005,5,2,1,2,562171
Delta,1478,3032,1968,5,1,1,1,510593
Cedar,1546,3245,1959,6,1,0,5,348887
Ashby,1688,5671,2015,2,4,1,5,610617
Brook,1351,8117,1974,2,4,1,4,669661
Echo,2165,11344,1997,4,1,1,3,536152
Echo,2810,8636,2003,3,2,1,3,580206
Delta,1445,6271,2012,5,1,0,4,570469
Brook,2015,3835,1996,1,2,0,4,715347
Ashby,1563,3156,2002,1,3,1,2,553597
Cedar,1932,4416,2011,5,3,1,1,495079
Brook,2941,7673,2019,5,2,1,1,862554
Delta,2031,7343,1953,2,2,1,2,588356
Delta,914,1702,2005,2,3,1,4,505024
Ashby,1993,3745,1962,4,3,1,3,530367
Ashby,2617,12360,2015,3,1,0,4,564885
Ashby,1573,6292,1953,2,1,1,3,489410
Echo,2409,2564,1968,4,2,1,2,552826
Delta,1335,24662,1964,5,2,1,4,604400
Ashby,1011,5897,1994,5,4,0,4,508305
Echo,1786,7556,1950,5,4,1,5,491115
Cedar,919,7625,1951,4,3,1,5,360008
Cedar,1563,4812,1987,6,1,0,2,429289
Echo,2667,3878,2021,2,1,1,4,585058
Ashby,871,21429,1989,1,2,0,2,367337
Ashby,1086,10954,1982,1,3,1,5,434471
Delta,1185,9825,1998,6,3,0,4,639318
Ashby,1663,8478,1990,4,1,0,5,523360
Delta,1496,3286,1978,2,4,1,2,531870
Ashby,2774,12914,1993,6,2,0,1,608465
Ashby,2374,3618,1950,2,3,1,1,501496
Ashby,2022,7112,1968,4,1,0,3,508416
Brook,1789,2244,1999,2,4,0,5,757269
Ashby,1951,1763,1975,1,3,0,4,509340
Ashby,1257,7263,1954,2,1,0,5,442507
Echo,2295,3692,1959,2,2,1,3,488874
Brook,1152,1819,2014,4,2,1,5,731733
Brook,2277,8299,1974,1,1,1,5,735179
Ashby,2575,21409,1951,2,4,0,2,658810
Brook,1830,13811,2003,4,4,0,5,779337
Ashby,1598,5142,1989,3,4,0,1,469810
Delta,1956,6032,1983,4,2,1,3,611428
Ashby,624,10220,2016,4,3,1,3,456342
Echo,1890,11764,1973,6,2,0,2,428423
Echo,1634,4882,1992,6,2,0,5,510210
Ashby,1670,6124,2005,2,3,1,4,507867
Ashby,2177,7186,1995,5,2,1,1,577161
Ashby,1656,8365,1965,4,4,1,1,479971
Delta,1141,5540,2000,4,1,1,1,502810
Ashby,1618,5583,2005,5,1,0,2,510460
Echo,1741,13731,1959,1,4,1,1,483596
Echo,1770,12397,1962,3,4,1,2,443868
Echo,1799,7990,1999,5,4,1,4,556024
Cedar,2446,16831,1958,6,2,1,5,535031
Echo,1162,4758,2015,1,2,0,4,373780
Ashby,1808,15888,1958,3,1,1,3,478316
Brook,2670,8308,2022,2,2,1,4,865148
Brook,926,42708,1999,2,3,1,5,681325
Echo,1810,2934,1982,1,2,0,1,443880
Delta,1385,3968,1969,4,2,0,5,580424
Echo,1493,7714,1975,5,1,1,4,425051
Ashby,1239,7615,2005,4,2,0,2,452114
Echo,1602,19334,2005,3,3,1,3,474541
Cedar,3238,4018,1965,5,3,1,3,630296
Cedar,1092,10326,1990,4,3,1,1,316811
Echo,1129,12052,2023,6,4,0,2,435408
Brook,1078,9157,1969,3,1,0,2,547617
Brook,3112,3371,2001,2,2,1,1,839390
Delta,1446,13963,1962,3,3,1,3,605257
Ashby,1685,12545,2011,4,2,1,3,592200
Brook,1476,8598,1962,3,4,1,2,688683
Ashby,1222,6783,1972,5,1,1,1,426974
Ashby,1566,6872,1983,1,1,1,5,512723
Echo,4019,5723,1977,4,2,0,4,683756
Delta,2767,8813,1962,3,2,1,3,651504
Brook,1261,6113,1997,2,4,0,4,690216
Brook,2132,3606,1951,4,2,1,2,684563
Brook,1271,3198,2022,5,2,1,2,688936
Delta,913,3821,1953,4,1,1,4,494577
Echo,2429,6855,1974,1,2,0,4,505877
Echo,2551,5904,2018,1,3,1,4,615378
Brook,2452,6828,1961,3,3,1,3,799284
Brook,1442,8103,1955,5,3,0,1,637877
Cedar,1604,4118,2005,2,2,0,4,395584
Delta,2210,14457,1955,2,1,0,4,601260
Cedar,1950,5110,2016,6,1,1,3,476483
Delta,1481,4626,1983,1,1,1,2,508800
Delta,965,8014,2014,1,3,0,5,615016
Brook,1769,1993,1968,1,4,0,2,666339
Brook,2480,3734,1960,6,4,0,2,805443
Brook,1118,10809,2021,3,2,1,4,669290
Ashby,2126,2116,2006,1,1,1,3,564855
Ashby,1909,11732,2017,2,3,0,3,578082
Delta,2210,14857,1973,6,1,0,4,682269
Brook,2307,4807,1979,5,3,1,2,790488
Ashby,1333,7148,1992,2,2,0,1,445403
Delta,965,11742,1983,2,4,1,1,544436
Echo,1410,4534,1967,1,3,1,5,442505
Ashby,2321,10099,1977,5,3,1,3,622224
Echo,1406,4011,1995,1,2,0,3,410133
Echo,1333,4505,1952,2,4,1,2,372831
Delta,899,3714,1974,3,3,1,4,514912
Delta,3139,7369,1971,4,3,0,5,784153
Ashby,2270,12020,1955,4,2,1,4,543682
Echo,2226,5372,1959,5,2,0,3,515347
Brook,2385,2798,1986,2,4,1,3,772316
Echo,2080,3133,1957,3,2,1,5,493219
Delta,1561,7603,1975,3,1,0,5,562360
Ashby,1605,18142,1991,1,2,0,2,462346
Ashby,1464,7599,2014,5,2,1,5,567528
Delta,4275,4757,1957,4,2,0,5,876071
Delta,2065,9502,1982,3,1,0,5,629461
Ashby,1445,5197,1957,6,1,0,1,417632
Delta,2001,4782,1981,2,2,0,1,541906
Echo,1193,3376,1985,6,2,1,2,447868
Cedar,2878,13969,2009,5,1,1,4,545645
Cedar,1349,1308,1982,2,2,1,1,324494
Ashby,2026,9684,2019,5,2,1,1,568385
Echo,2469,4543,1960,5,1,0,1,482094
Brook,1945,4691,1953,3,2,1,1,627445
Echo,1757,16563,1950,3,2,1,5,461426
Brook,1706,3909,1976,6,1,1,4,721028
Delta,1667,3990,1964,1,4,1,4,629314
Ashby,1389,5548,1956,1,1,1,2,408333
Ashby,1453,7691,1967,4,3,0,4,471096
Echo,2853,4603,2022,6,3,1,4,675525
Cedar,1637,2334,2009,4,4,1,3,500588
Cedar,1291,3569,1951,1,3,1,5,337146
Echo,1419,12943,2017,4,3,0,3,468178
Echo,2499,6275,1965,2,4,1,2,536582
Echo,2153,7865,1980,5,4,1,4,571877
Ashby,2068,5129,1974,4,1,1,5,641977
Delta,1553,4039,1979,3,4,1,5,633243
Echo,2078,16417,2006,4,2,0,3,528758
Brook,1357,5359,2002,5,1,0,3,640600
Ashby,1552,4599,1993,5,3,0,5,573693
Echo,2387,11582,1996,3,4,0,4,600405
Cedar,2309,3890,2003,4,1,1,3,479503
Delta,1206,4199,1963,1,1,1,2,463752
Echo,1260,6037,1979,3,4,1,5,450548
Delta,1766,6001,1957,3,3,1,5,602151
Brook,3110,7011,2002,4,1,1,1,857829
Brook,870,21047,1982,6,4,1,1,642888
Brook,1874,7341,1997,6,2,1,1,673372
Ashby,1050,1440,1991,3,2,1,2,477086
Echo,1362,7298,1970,4,2,0,1,347006
Echo,1496,6138,1960,1,3,0,5,411711
Ashby,1467,6158,2021,3,1,0,5,558619
Brook,1410,6954,1971,5,2,1,1,643420
Echo,1704,5898,1958,5,2,1,5,486675
Ashby,1410,5814,1972,6,1,0,1,408247
Cedar,1019,8668,2016,3,4,0,4,362954
Cedar,2234,4334,1969,6,1,1,2,459548
Delta,2213,3398,2023,6,4,1,1,736319
Ashby,2284,36820,1984,4,1,1,3,608334
Delta,991,3905,2013,1,2,0,5,518202
Brook,1887,6372,1998,3,1,0,5,723774
Delta,2154,2446,1953,5,2,1,1,563067
Ashby,1185,6434,1987,4,3,1,5,537701
Cedar,1705,3427,1980,6,1,1,2,418727
Cedar,1632,4601,1964,5,3,1,3,482542
Ashby,3239,11232,1990,1,4,0,1,654863
Ashby,3334,7964,1957,6,2,1,5,719244
Ashby,949,8439,2001,3,1,1,4,449173
Brook,4069,2073,2010,5,3,1,4,1028453
Ashby,1234,18064,1956,4,1,0,4,449859
Echo,2396,2935,1985,3,1,1,5,547480
Brook,2388,15013,1998,1,2,1,1,705792
Echo,1200,11075,1954,1,2,0,2,276966
Echo,2020,8484,1978,4,1,0,1,436160
Ashby,1637,3592,1969,4,4,0,3,556021
Delta,2064,6571,1952,4,3,0,3,619480
Echo,1843,4523,2009,1,4,1,1,495181
Delta,2584,6105,1982,4,2,0,4,724644
Brook,1745,5165,2005,1,2,0,1,649652
Brook,1603,1766,1993,1,4,1,4,699481
Ashby,2495,11761,2014,3,1,0,4,617742
Cedar,2083,5715,2023,4,2,1,5,568979
Echo,2196,4486,1994,4,4,1,1,549396
Echo,1347,4287,1976,6,2,1,5,497106
Ashby,1179,7440,1981,6,4,1,3,519378
Delta,1394,3510,2011,3,2,0,5,591389
Brook,1368,1551,1981,5,2,1,4,692053
Echo,2238,7660,1988,1,4,1,4,548625
Ashby,2392,8193,1964,6,1,1,1,592873
Echo,1610,5323,2023,3,4,1,4,475779
Echo,2805,3013,1998,5,1,1,3,596324
Ashby,2744,6329,1974,6,2,1,5,689916
Ashby,1851,2492,1993,5,3,0,4,541416
Echo,1275,3240,1979,6,3,0,1,421136
Ashby,2951,3824,1961,1,4,1,5,658857
Cedar,1664,9955,2014,2,4,0,1,405078
Echo,1777,4827,2015,4,3,0,2,531451
Delta,1509,4586,2011,4,3,0,2,617208
Brook,1245,19386,1977,1,2,1,5,674521
Brook,1017,7413,1968,5,4,1,1,646920
Ashby,2122,7353,1953,1,3,0,5,537285
Echo,1292,4806,2004,6,1,1,2,481949
Brook,4960,4195,1974,1,4,1,4,1094010
Ashby,1162,1616,2016,3,2,0,1,411174
Ashby,1095,10730,2014,5,2,1,2,455031
Echo,2032,7852,1959,4,2,0,4,493473
Ashby,2903,5388,2017,5,4,1,4,753944
Echo,1739,5526,1960,5,2,0,5,438387
Delta,2077,9332,1986,6,2,1,5,722450
Echo,892,2361,1985,3,1,1,3,342183
Echo,1341,4212,2020,6,2,0,2,460546
Echo,1167,3034,1998,4,1,1,2,398441
Echo,876,17369,2014,6,3,0,5,452049
Ashby,1771,10147,1994,5,4,0,4,607749
Echo,775,1600,2011,1,2,1,5,372382
Cedar,1070,2419,2013,4,4,1,3,408913
Cedar,1409,5542,2013,6,4,0,3,448217
Echo,1271,4519,1980,1,1,0,5,402100
Echo,1953,2710,1978,6,3,0,4,518584
Delta,1892,19271,2022,1,3,1,2,676048
Cedar,2324,7238,2005,6,2,0,3,564918
Cedar,2212,7978,2017,5,4,1,2,530934
Brook,2534,3961,1992,1,2,0,4,692084
Brook,1699,9255,2018,5,1,1,1,731007
Brook,1891,4776,2003,1,3,1,5,752382
Ashby,2033,5062,2004,4,1,0,5,554025
Ashby,1786,8657,1963,6,2,0,1,477768
Echo,1479,2258,1991,2,3,1,4,448426
Brook,1513,15642,2004,2,3,0,1,687373
Echo,1277,6694,2006,3,2,1,2,419623
Delta,1970,12940,2020,3,2,1,2,681542
Ashby,1645,3147,1974,1,1,1,3,470823
Ashby,1348,3448,1972,3,2,1,5,490508
Ashby,1348,2988,2021,2,3,1,3,506211
Echo,1113,6972,2022,1,3,1,2,420248
Ashby,2395,6242,1963,2,2,1,1,552054
Cedar,1747,4541,1977,1,1,0,5,408423
Echo,1257,3265,2020,6,3,0,2,448744
Echo,2256,2806,1964,6,3,0,3,534785
Ashby,1397,5828,2007,3,1,1,1,469633
Ashby,1039,4538,1958,6,3,0,2,426921
Ashby,2430,3976,1963,3,1,1,3,531207
Ashby,1409,15181,2008,6,2,0,5,540578
Ashby,1473,5711,1994,2,3,1,2,485573
Delta,1725,12856,1991,2,3,1,3,634890
Echo,2536,4357,2013,5,3,1,5,680020
Cedar,1712,6949,1972,2,4,0,2,361178
Delta,1117,5804,1987,5,1,0,2,489280
Ashby,2056,2167,1995,3,4,0,1,536847
Echo,1435,14137,2004,3,2,0,5,483028
Delta,3292,5533,1974,3,2,0,1,696344
Echo,1699,9390,1996,5,4,1,2,504459
Echo,778,3821,1983,1,2,0,1,240437
Brook,1927,5435,1990,5,1,1,4,761803
Ashby,3358,3567,2013,5,3,1,2,746299
Ashby,2951,12596,1979,5,3,1,4,697836
Brook,3227,7233,1999,6,3,0,4,921769
Echo,1190,7478,2019,5,1,0,1,414557
Brook,2339,13554,2006,4,3,1,2,782811
Echo,1320,12008,2023,3,1,1,1,384865
Cedar,1839,9497,1993,3,3,1,1,461294
Ashby,1089,2557,1970,5,3,0,3,457130
Brook,1357,3953,2023,3,4,0,2,708276
Delta,1342,3285,1997,4,4,1,1,593992
Delta,2328,9284,1967,1,1,1,3,611324
Brook,2250,6647,1973,2,1,1,3,710210
Ashby,1873,2605,1969,2,3,1,5,579403
Delta,1060,5358,2011,3,4,1,4,632245
Ashby,1524,2448,1956,4,1,1,2,475503
Echo,1309,5812,2004,5,2,1,3,427003
Ashby,2305,2222,1990,3,2,1,1,587350
Ashby,2568,8240,1955,1,2,0,2,518024
Cedar,2460,7527,1995,4,3,1,3,523646
Cedar,1305,18850,2005,1,2,1,1,343297
Cedar,652,9979,2003,6,2,0,5,389581
Brook,916,4655,1989,5,4,0,3,666496
Echo,2796,9802,1974,2,2,1,4,570017
Cedar,1477,2594,1962,2,1,1,2,345687
Cedar,1307,3368,1950,1,4,0,5,367361
Brook,3021,7328,1976,3,2,1,2,806648
Ashby,2647,1643,1996,1,4,0,5,633584
Delta,1715,5868,1952,6,4,1,3,652800
Ashby,1534,3253,2023,1,3,1,4,540379
Delta,1623,6376,1993,4,1,1,2,541343
Ashby,1841,3143,1971,4,4,0,5,598503
Echo,2976,7739,2021,2,3,1,1,594844
Cedar,1971,6070,1963,5,2,1,1,460569
Echo,2192,13901,2020,1,4,1,3,527566
Cedar,2560,6024,1970,6,4,0,5,577301
Ashby,1129,3783,1978,5,4,1,5,522317
Echo,2214,5174,1981,4,1,0,5,490594
Delta,1533,2678,2023,6,3,0,3,631703
Echo,705,7656,1968,3,2,1,5,411539
Brook,807,8548,2021,2,1,0,3,586493
Delta,1190,26398,1975,1,2,0,3,484126
Echo,2047,4132,1971,6,1,1,1,423060
Delta,1769,5109,1997,3,1,1,4,571343
Brook,1813,4247,2001,5,3,1,2,736716
Delta,3365,6814,1975,2,3,1,1,731659
